rank_score,feature,direction_of_mismatch,magnitude_median_ratio_synthetic_over_real,median_diff_synthetic_minus_real,ks_statistic,cliffs_delta_synthetic_vs_real,volume_strata_with_same_direction,gap_classification,confidence_rationale,likely_anatomical_interpretation,generator_tuning_justified
0.6662020907242497,compactness,synthetic_lower,0.4922235105159008,-149.28714134004488,0.8888888888888888,-0.9398716988887421,3,EXTRACTION_OR_DATA_LIMITATION,large but surface/resolution-sensitive; real masks are not locally re-extractable,surface-derived compactness/sphericity differs; spacing and source-mask availability limit interpretation,no
0.23482502304104483,aspect_ratio_major_to_minor2,synthetic_lower,0.7235301769495133,-0.478391277221798,0.5977011494252874,-0.7256352666578588,2,POSSIBLE_GENERATOR_GAP,moderate whole-mask geometry difference,dominant-to-smallest axis disparity is lower in synthetic,no
0.22206736357474977,sphericity,synthetic_higher,1.2665214481914657,0.19383536565574133,0.8888888888888888,0.9398716988887421,3,EXTRACTION_OR_DATA_LIMITATION,surface metric is spacing/resolution-sensitive,surface-derived compactness/sphericity differs; spacing and source-mask availability limit interpretation,no
0.17510274194812522,bbox_fill_fraction,synthetic_higher,1.2850632261377495,0.1068061568061568,0.5670498084291188,0.6981547540406042,3,POSSIBLE_GENERATOR_GAP,moderate whole-mask geometry difference,synthetic masks fill their axis-aligned bounding boxes more densely,no
0.08604994141219724,principal_axis_length_major_mm,synthetic_lower,0.6890846995706309,-3.8627265250038896,0.20689655172413793,-0.23107411811335712,3,INSUFFICIENT_EVIDENCE,small or inconsistent effect,synthetic dominant extent is shorter at matched volume,no
0.06387947470464032,surface_to_volume_ratio,synthetic_lower,0.773050390838223,-0.23730121380547953,0.20689655172413793,-0.2481613599330603,3,EXTRACTION_OR_DATA_LIMITATION,surface metric is spacing/resolution-sensitive,surface-derived compactness/sphericity differs; spacing and source-mask availability limit interpretation,no
0.04085746721424019,secondary_axis_ratio,synthetic_higher,1.1327236730235006,0.09635948366320224,0.3218390804597701,0.3278431027142878,2,INSUFFICIENT_EVIDENCE,small or inconsistent effect,distribution differs in current whole-mask features,no
0.04085746721424018,elongation,synthetic_lower,0.8828278456746379,-0.16139063958140865,0.3218390804597701,-0.3278431027142878,2,INSUFFICIENT_EVIDENCE,small or inconsistent effect,whole-mask canonical major/intermediate axis elongation is lower in synthetic,no
0.026149318626071696,surface_area_mm2,synthetic_lower,0.7892122643940546,-58.47988836416175,0.10727969348659004,-0.11046520162651752,3,EXTRACTION_OR_DATA_LIMITATION,surface metric is spacing/resolution-sensitive,surface-derived compactness/sphericity differs; spacing and source-mask availability limit interpretation,no
