case_id,seg_path
57_0_0,/Users/kvothearcane/Personal/Coding Projects/GrowthNet/rivanna_pull/analysis/synthetic_lollipop_v1/masks/57_0_0_synthetic_lollipop.nii.gz
57_1_208,/Users/kvothearcane/Personal/Coding Projects/GrowthNet/rivanna_pull/analysis/synthetic_lollipop_v1/masks/57_1_208_synthetic_lollipop.nii.gz
57_2_572,/Users/kvothearcane/Personal/Coding Projects/GrowthNet/rivanna_pull/analysis/synthetic_lollipop_v1/masks/57_2_572_synthetic_lollipop.nii.gz
58_1_214,/Users/kvothearcane/Personal/Coding Projects/GrowthNet/rivanna_pull/analysis/synthetic_lollipop_v1/masks/58_1_214_synthetic_lollipop.nii.gz
69_1_106,/Users/kvothearcane/Personal/Coding Projects/GrowthNet/rivanna_pull/analysis/synthetic_lollipop_v1/masks/69_1_106_synthetic_lollipop.nii.gz
69_2_469,/Users/kvothearcane/Personal/Coding Projects/GrowthNet/rivanna_pull/analysis/synthetic_lollipop_v1/masks/69_2_469_synthetic_lollipop.nii.gz
74_0_0,/Users/kvothearcane/Personal/Coding Projects/GrowthNet/rivanna_pull/analysis/synthetic_lollipop_v1/masks/74_0_0_synthetic_lollipop.nii.gz
74_2_1367,/Users/kvothearcane/Personal/Coding Projects/GrowthNet/rivanna_pull/analysis/synthetic_lollipop_v1/masks/74_2_1367_synthetic_lollipop.nii.gz
80_1_106,/Users/kvothearcane/Personal/Coding Projects/GrowthNet/rivanna_pull/analysis/synthetic_lollipop_v1/masks/80_1_106_synthetic_lollipop.nii.gz
80_2_294,/Users/kvothearcane/Personal/Coding Projects/GrowthNet/rivanna_pull/analysis/synthetic_lollipop_v1/masks/80_2_294_synthetic_lollipop.nii.gz
80_3_661,/Users/kvothearcane/Personal/Coding Projects/GrowthNet/rivanna_pull/analysis/synthetic_lollipop_v1/masks/80_3_661_synthetic_lollipop.nii.gz
87_1_1322,/Users/kvothearcane/Personal/Coding Projects/GrowthNet/rivanna_pull/analysis/synthetic_lollipop_v1/masks/87_1_1322_synthetic_lollipop.nii.gz
87_3_1668,/Users/kvothearcane/Personal/Coding Projects/GrowthNet/rivanna_pull/analysis/synthetic_lollipop_v1/masks/87_3_1668_synthetic_lollipop.nii.gz
87_4_1793,/Users/kvothearcane/Personal/Coding Projects/GrowthNet/rivanna_pull/analysis/synthetic_lollipop_v1/masks/87_4_1793_synthetic_lollipop.nii.gz
91_0_0,/Users/kvothearcane/Personal/Coding Projects/GrowthNet/rivanna_pull/analysis/synthetic_lollipop_v1/masks/91_0_0_synthetic_lollipop.nii.gz
91_1_318,/Users/kvothearcane/Personal/Coding Projects/GrowthNet/rivanna_pull/analysis/synthetic_lollipop_v1/masks/91_1_318_synthetic_lollipop.nii.gz
95_0_0,/Users/kvothearcane/Personal/Coding Projects/GrowthNet/rivanna_pull/analysis/synthetic_lollipop_v1/masks/95_0_0_synthetic_lollipop.nii.gz
95_1_182,/Users/kvothearcane/Personal/Coding Projects/GrowthNet/rivanna_pull/analysis/synthetic_lollipop_v1/masks/95_1_182_synthetic_lollipop.nii.gz
95_2_574,/Users/kvothearcane/Personal/Coding Projects/GrowthNet/rivanna_pull/analysis/synthetic_lollipop_v1/masks/95_2_574_synthetic_lollipop.nii.gz
126_1_312,/Users/kvothearcane/Personal/Coding Projects/GrowthNet/rivanna_pull/analysis/synthetic_lollipop_v1/masks/126_1_312_synthetic_lollipop.nii.gz
126_2_582,/Users/kvothearcane/Personal/Coding Projects/GrowthNet/rivanna_pull/analysis/synthetic_lollipop_v1/masks/126_2_582_synthetic_lollipop.nii.gz
126_3_921,/Users/kvothearcane/Personal/Coding Projects/GrowthNet/rivanna_pull/analysis/synthetic_lollipop_v1/masks/126_3_921_synthetic_lollipop.nii.gz
126_4_1231,/Users/kvothearcane/Personal/Coding Projects/GrowthNet/rivanna_pull/analysis/synthetic_lollipop_v1/masks/126_4_1231_synthetic_lollipop.nii.gz
126_5_1607,/Users/kvothearcane/Personal/Coding Projects/GrowthNet/rivanna_pull/analysis/synthetic_lollipop_v1/masks/126_5_1607_synthetic_lollipop.nii.gz
132_0_0,/Users/kvothearcane/Personal/Coding Projects/GrowthNet/rivanna_pull/analysis/synthetic_lollipop_v1/masks/132_0_0_synthetic_lollipop.nii.gz
132_1_148,/Users/kvothearcane/Personal/Coding Projects/GrowthNet/rivanna_pull/analysis/synthetic_lollipop_v1/masks/132_1_148_synthetic_lollipop.nii.gz
132_2_232,/Users/kvothearcane/Personal/Coding Projects/GrowthNet/rivanna_pull/analysis/synthetic_lollipop_v1/masks/132_2_232_synthetic_lollipop.nii.gz
137_0_0,/Users/kvothearcane/Personal/Coding Projects/GrowthNet/rivanna_pull/analysis/synthetic_lollipop_v1/masks/137_0_0_synthetic_lollipop.nii.gz
137_1_571,/Users/kvothearcane/Personal/Coding Projects/GrowthNet/rivanna_pull/analysis/synthetic_lollipop_v1/masks/137_1_571_synthetic_lollipop.nii.gz
137_2_2111,/Users/kvothearcane/Personal/Coding Projects/GrowthNet/rivanna_pull/analysis/synthetic_lollipop_v1/masks/137_2_2111_synthetic_lollipop.nii.gz
140_0_0,/Users/kvothearcane/Personal/Coding Projects/GrowthNet/rivanna_pull/analysis/synthetic_lollipop_v1/masks/140_0_0_synthetic_lollipop.nii.gz
140_2_780,/Users/kvothearcane/Personal/Coding Projects/GrowthNet/rivanna_pull/analysis/synthetic_lollipop_v1/masks/140_2_780_synthetic_lollipop.nii.gz
169_0_0,/Users/kvothearcane/Personal/Coding Projects/GrowthNet/rivanna_pull/analysis/synthetic_lollipop_v1/masks/169_0_0_synthetic_lollipop.nii.gz
169_1_184,/Users/kvothearcane/Personal/Coding Projects/GrowthNet/rivanna_pull/analysis/synthetic_lollipop_v1/masks/169_1_184_synthetic_lollipop.nii.gz
170_0_0,/Users/kvothearcane/Personal/Coding Projects/GrowthNet/rivanna_pull/analysis/synthetic_lollipop_v1/masks/170_0_0_synthetic_lollipop.nii.gz
170_1_176,/Users/kvothearcane/Personal/Coding Projects/GrowthNet/rivanna_pull/analysis/synthetic_lollipop_v1/masks/170_1_176_synthetic_lollipop.nii.gz
170_2_382,/Users/kvothearcane/Personal/Coding Projects/GrowthNet/rivanna_pull/analysis/synthetic_lollipop_v1/masks/170_2_382_synthetic_lollipop.nii.gz
170_3_732,/Users/kvothearcane/Personal/Coding Projects/GrowthNet/rivanna_pull/analysis/synthetic_lollipop_v1/masks/170_3_732_synthetic_lollipop.nii.gz
190_1_150,/Users/kvothearcane/Personal/Coding Projects/GrowthNet/rivanna_pull/analysis/synthetic_lollipop_v1/masks/190_1_150_synthetic_lollipop.nii.gz
190_2_1367,/Users/kvothearcane/Personal/Coding Projects/GrowthNet/rivanna_pull/analysis/synthetic_lollipop_v1/masks/190_2_1367_synthetic_lollipop.nii.gz
199_0_0,/Users/kvothearcane/Personal/Coding Projects/GrowthNet/rivanna_pull/analysis/synthetic_lollipop_v1/masks/199_0_0_synthetic_lollipop.nii.gz
199_2_292,/Users/kvothearcane/Personal/Coding Projects/GrowthNet/rivanna_pull/analysis/synthetic_lollipop_v1/masks/199_2_292_synthetic_lollipop.nii.gz
200_0_0,/Users/kvothearcane/Personal/Coding Projects/GrowthNet/rivanna_pull/analysis/synthetic_lollipop_v1/masks/200_0_0_synthetic_lollipop.nii.gz
200_1_45,/Users/kvothearcane/Personal/Coding Projects/GrowthNet/rivanna_pull/analysis/synthetic_lollipop_v1/masks/200_1_45_synthetic_lollipop.nii.gz
206_0_0,/Users/kvothearcane/Personal/Coding Projects/GrowthNet/rivanna_pull/analysis/synthetic_lollipop_v1/masks/206_0_0_synthetic_lollipop.nii.gz
206_1_356,/Users/kvothearcane/Personal/Coding Projects/GrowthNet/rivanna_pull/analysis/synthetic_lollipop_v1/masks/206_1_356_synthetic_lollipop.nii.gz
207_0_0,/Users/kvothearcane/Personal/Coding Projects/GrowthNet/rivanna_pull/analysis/synthetic_lollipop_v1/masks/207_0_0_synthetic_lollipop.nii.gz
207_1_291,/Users/kvothearcane/Personal/Coding Projects/GrowthNet/rivanna_pull/analysis/synthetic_lollipop_v1/masks/207_1_291_synthetic_lollipop.nii.gz
207_2_651,/Users/kvothearcane/Personal/Coding Projects/GrowthNet/rivanna_pull/analysis/synthetic_lollipop_v1/masks/207_2_651_synthetic_lollipop.nii.gz
207_3_1194,/Users/kvothearcane/Personal/Coding Projects/GrowthNet/rivanna_pull/analysis/synthetic_lollipop_v1/masks/207_3_1194_synthetic_lollipop.nii.gz
207_4_1986,/Users/kvothearcane/Personal/Coding Projects/GrowthNet/rivanna_pull/analysis/synthetic_lollipop_v1/masks/207_4_1986_synthetic_lollipop.nii.gz
210_1_162,/Users/kvothearcane/Personal/Coding Projects/GrowthNet/rivanna_pull/analysis/synthetic_lollipop_v1/masks/210_1_162_synthetic_lollipop.nii.gz
218_0_0,/Users/kvothearcane/Personal/Coding Projects/GrowthNet/rivanna_pull/analysis/synthetic_lollipop_v1/masks/218_0_0_synthetic_lollipop.nii.gz
218_1_199,/Users/kvothearcane/Personal/Coding Projects/GrowthNet/rivanna_pull/analysis/synthetic_lollipop_v1/masks/218_1_199_synthetic_lollipop.nii.gz
235_0_0,/Users/kvothearcane/Personal/Coding Projects/GrowthNet/rivanna_pull/analysis/synthetic_lollipop_v1/masks/235_0_0_synthetic_lollipop.nii.gz
235_1_328,/Users/kvothearcane/Personal/Coding Projects/GrowthNet/rivanna_pull/analysis/synthetic_lollipop_v1/masks/235_1_328_synthetic_lollipop.nii.gz
235_3_552,/Users/kvothearcane/Personal/Coding Projects/GrowthNet/rivanna_pull/analysis/synthetic_lollipop_v1/masks/235_3_552_synthetic_lollipop.nii.gz
270_0_0,/Users/kvothearcane/Personal/Coding Projects/GrowthNet/rivanna_pull/analysis/synthetic_lollipop_v1/masks/270_0_0_synthetic_lollipop.nii.gz
270_1_324,/Users/kvothearcane/Personal/Coding Projects/GrowthNet/rivanna_pull/analysis/synthetic_lollipop_v1/masks/270_1_324_synthetic_lollipop.nii.gz
286_0_0,/Users/kvothearcane/Personal/Coding Projects/GrowthNet/rivanna_pull/analysis/synthetic_lollipop_v1/masks/286_0_0_synthetic_lollipop.nii.gz
286_1_190,/Users/kvothearcane/Personal/Coding Projects/GrowthNet/rivanna_pull/analysis/synthetic_lollipop_v1/masks/286_1_190_synthetic_lollipop.nii.gz
286_2_297,/Users/kvothearcane/Personal/Coding Projects/GrowthNet/rivanna_pull/analysis/synthetic_lollipop_v1/masks/286_2_297_synthetic_lollipop.nii.gz
301_0_0,/Users/kvothearcane/Personal/Coding Projects/GrowthNet/rivanna_pull/analysis/synthetic_lollipop_v1/masks/301_0_0_synthetic_lollipop.nii.gz
301_1_229,/Users/kvothearcane/Personal/Coding Projects/GrowthNet/rivanna_pull/analysis/synthetic_lollipop_v1/masks/301_1_229_synthetic_lollipop.nii.gz
301_2_614,/Users/kvothearcane/Personal/Coding Projects/GrowthNet/rivanna_pull/analysis/synthetic_lollipop_v1/masks/301_2_614_synthetic_lollipop.nii.gz
304_0_0,/Users/kvothearcane/Personal/Coding Projects/GrowthNet/rivanna_pull/analysis/synthetic_lollipop_v1/masks/304_0_0_synthetic_lollipop.nii.gz
304_1_206,/Users/kvothearcane/Personal/Coding Projects/GrowthNet/rivanna_pull/analysis/synthetic_lollipop_v1/masks/304_1_206_synthetic_lollipop.nii.gz
309_1_177,/Users/kvothearcane/Personal/Coding Projects/GrowthNet/rivanna_pull/analysis/synthetic_lollipop_v1/masks/309_1_177_synthetic_lollipop.nii.gz
309_2_546,/Users/kvothearcane/Personal/Coding Projects/GrowthNet/rivanna_pull/analysis/synthetic_lollipop_v1/masks/309_2_546_synthetic_lollipop.nii.gz
309_3_917,/Users/kvothearcane/Personal/Coding Projects/GrowthNet/rivanna_pull/analysis/synthetic_lollipop_v1/masks/309_3_917_synthetic_lollipop.nii.gz
320_1_183,/Users/kvothearcane/Personal/Coding Projects/GrowthNet/rivanna_pull/analysis/synthetic_lollipop_v1/masks/320_1_183_synthetic_lollipop.nii.gz
320_2_225,/Users/kvothearcane/Personal/Coding Projects/GrowthNet/rivanna_pull/analysis/synthetic_lollipop_v1/masks/320_2_225_synthetic_lollipop.nii.gz
333_1_279,/Users/kvothearcane/Personal/Coding Projects/GrowthNet/rivanna_pull/analysis/synthetic_lollipop_v1/masks/333_1_279_synthetic_lollipop.nii.gz
339_1_248,/Users/kvothearcane/Personal/Coding Projects/GrowthNet/rivanna_pull/analysis/synthetic_lollipop_v1/masks/339_1_248_synthetic_lollipop.nii.gz
339_2_430,/Users/kvothearcane/Personal/Coding Projects/GrowthNet/rivanna_pull/analysis/synthetic_lollipop_v1/masks/339_2_430_synthetic_lollipop.nii.gz
385_0_0,/Users/kvothearcane/Personal/Coding Projects/GrowthNet/rivanna_pull/analysis/synthetic_lollipop_v1/masks/385_0_0_synthetic_lollipop.nii.gz
385_1_476,/Users/kvothearcane/Personal/Coding Projects/GrowthNet/rivanna_pull/analysis/synthetic_lollipop_v1/masks/385_1_476_synthetic_lollipop.nii.gz
395_0_0,/Users/kvothearcane/Personal/Coding Projects/GrowthNet/rivanna_pull/analysis/synthetic_lollipop_v1/masks/395_0_0_synthetic_lollipop.nii.gz
395_1_1985,/Users/kvothearcane/Personal/Coding Projects/GrowthNet/rivanna_pull/analysis/synthetic_lollipop_v1/masks/395_1_1985_synthetic_lollipop.nii.gz
418_1_1056,/Users/kvothearcane/Personal/Coding Projects/GrowthNet/rivanna_pull/analysis/synthetic_lollipop_v1/masks/418_1_1056_synthetic_lollipop.nii.gz
418_2_1238,/Users/kvothearcane/Personal/Coding Projects/GrowthNet/rivanna_pull/analysis/synthetic_lollipop_v1/masks/418_2_1238_synthetic_lollipop.nii.gz
418_3_1428,/Users/kvothearcane/Personal/Coding Projects/GrowthNet/rivanna_pull/analysis/synthetic_lollipop_v1/masks/418_3_1428_synthetic_lollipop.nii.gz
421_1_264,/Users/kvothearcane/Personal/Coding Projects/GrowthNet/rivanna_pull/analysis/synthetic_lollipop_v1/masks/421_1_264_synthetic_lollipop.nii.gz
421_2_1633,/Users/kvothearcane/Personal/Coding Projects/GrowthNet/rivanna_pull/analysis/synthetic_lollipop_v1/masks/421_2_1633_synthetic_lollipop.nii.gz
421_4_3550,/Users/kvothearcane/Personal/Coding Projects/GrowthNet/rivanna_pull/analysis/synthetic_lollipop_v1/masks/421_4_3550_synthetic_lollipop.nii.gz
424_4_2863,/Users/kvothearcane/Personal/Coding Projects/GrowthNet/rivanna_pull/analysis/synthetic_lollipop_v1/masks/424_4_2863_synthetic_lollipop.nii.gz
424_5_4003,/Users/kvothearcane/Personal/Coding Projects/GrowthNet/rivanna_pull/analysis/synthetic_lollipop_v1/masks/424_5_4003_synthetic_lollipop.nii.gz
424_6_4194,/Users/kvothearcane/Personal/Coding Projects/GrowthNet/rivanna_pull/analysis/synthetic_lollipop_v1/masks/424_6_4194_synthetic_lollipop.nii.gz
434_0_0,/Users/kvothearcane/Personal/Coding Projects/GrowthNet/rivanna_pull/analysis/synthetic_lollipop_v1/masks/434_0_0_synthetic_lollipop.nii.gz
434_1_160,/Users/kvothearcane/Personal/Coding Projects/GrowthNet/rivanna_pull/analysis/synthetic_lollipop_v1/masks/434_1_160_synthetic_lollipop.nii.gz
437_0_0,/Users/kvothearcane/Personal/Coding Projects/GrowthNet/rivanna_pull/analysis/synthetic_lollipop_v1/masks/437_0_0_synthetic_lollipop.nii.gz
439_0_0,/Users/kvothearcane/Personal/Coding Projects/GrowthNet/rivanna_pull/analysis/synthetic_lollipop_v1/masks/439_0_0_synthetic_lollipop.nii.gz
439_1_12,/Users/kvothearcane/Personal/Coding Projects/GrowthNet/rivanna_pull/analysis/synthetic_lollipop_v1/masks/439_1_12_synthetic_lollipop.nii.gz
439_2_209,/Users/kvothearcane/Personal/Coding Projects/GrowthNet/rivanna_pull/analysis/synthetic_lollipop_v1/masks/439_2_209_synthetic_lollipop.nii.gz
439_3_437,/Users/kvothearcane/Personal/Coding Projects/GrowthNet/rivanna_pull/analysis/synthetic_lollipop_v1/masks/439_3_437_synthetic_lollipop.nii.gz
439_4_489,/Users/kvothearcane/Personal/Coding Projects/GrowthNet/rivanna_pull/analysis/synthetic_lollipop_v1/masks/439_4_489_synthetic_lollipop.nii.gz
442_1_282,/Users/kvothearcane/Personal/Coding Projects/GrowthNet/rivanna_pull/analysis/synthetic_lollipop_v1/masks/442_1_282_synthetic_lollipop.nii.gz
442_2_702,/Users/kvothearcane/Personal/Coding Projects/GrowthNet/rivanna_pull/analysis/synthetic_lollipop_v1/masks/442_2_702_synthetic_lollipop.nii.gz
442_5_1272,/Users/kvothearcane/Personal/Coding Projects/GrowthNet/rivanna_pull/analysis/synthetic_lollipop_v1/masks/442_5_1272_synthetic_lollipop.nii.gz
442_6_1447,/Users/kvothearcane/Personal/Coding Projects/GrowthNet/rivanna_pull/analysis/synthetic_lollipop_v1/masks/442_6_1447_synthetic_lollipop.nii.gz
478_0_0,/Users/kvothearcane/Personal/Coding Projects/GrowthNet/rivanna_pull/analysis/synthetic_lollipop_v1/masks/478_0_0_synthetic_lollipop.nii.gz
478_1_378,/Users/kvothearcane/Personal/Coding Projects/GrowthNet/rivanna_pull/analysis/synthetic_lollipop_v1/masks/478_1_378_synthetic_lollipop.nii.gz
478_2_486,/Users/kvothearcane/Personal/Coding Projects/GrowthNet/rivanna_pull/analysis/synthetic_lollipop_v1/masks/478_2_486_synthetic_lollipop.nii.gz
483_2_812,/Users/kvothearcane/Personal/Coding Projects/GrowthNet/rivanna_pull/analysis/synthetic_lollipop_v1/masks/483_2_812_synthetic_lollipop.nii.gz
483_3_1995,/Users/kvothearcane/Personal/Coding Projects/GrowthNet/rivanna_pull/analysis/synthetic_lollipop_v1/masks/483_3_1995_synthetic_lollipop.nii.gz
492_1_391,/Users/kvothearcane/Personal/Coding Projects/GrowthNet/rivanna_pull/analysis/synthetic_lollipop_v1/masks/492_1_391_synthetic_lollipop.nii.gz
492_2_757,/Users/kvothearcane/Personal/Coding Projects/GrowthNet/rivanna_pull/analysis/synthetic_lollipop_v1/masks/492_2_757_synthetic_lollipop.nii.gz
493_1_262,/Users/kvothearcane/Personal/Coding Projects/GrowthNet/rivanna_pull/analysis/synthetic_lollipop_v1/masks/493_1_262_synthetic_lollipop.nii.gz
493_2_537,/Users/kvothearcane/Personal/Coding Projects/GrowthNet/rivanna_pull/analysis/synthetic_lollipop_v1/masks/493_2_537_synthetic_lollipop.nii.gz
495_0_0,/Users/kvothearcane/Personal/Coding Projects/GrowthNet/rivanna_pull/analysis/synthetic_lollipop_v1/masks/495_0_0_synthetic_lollipop.nii.gz
500_1_346,/Users/kvothearcane/Personal/Coding Projects/GrowthNet/rivanna_pull/analysis/synthetic_lollipop_v1/masks/500_1_346_synthetic_lollipop.nii.gz
502_0_0,/Users/kvothearcane/Personal/Coding Projects/GrowthNet/rivanna_pull/analysis/synthetic_lollipop_v1/masks/502_0_0_synthetic_lollipop.nii.gz
502_1_71,/Users/kvothearcane/Personal/Coding Projects/GrowthNet/rivanna_pull/analysis/synthetic_lollipop_v1/masks/502_1_71_synthetic_lollipop.nii.gz
502_2_314,/Users/kvothearcane/Personal/Coding Projects/GrowthNet/rivanna_pull/analysis/synthetic_lollipop_v1/masks/502_2_314_synthetic_lollipop.nii.gz
508_0_0,/Users/kvothearcane/Personal/Coding Projects/GrowthNet/rivanna_pull/analysis/synthetic_lollipop_v1/masks/508_0_0_synthetic_lollipop.nii.gz
508_1_260,/Users/kvothearcane/Personal/Coding Projects/GrowthNet/rivanna_pull/analysis/synthetic_lollipop_v1/masks/508_1_260_synthetic_lollipop.nii.gz
521_1_93,/Users/kvothearcane/Personal/Coding Projects/GrowthNet/rivanna_pull/analysis/synthetic_lollipop_v1/masks/521_1_93_synthetic_lollipop.nii.gz
521_2_457,/Users/kvothearcane/Personal/Coding Projects/GrowthNet/rivanna_pull/analysis/synthetic_lollipop_v1/masks/521_2_457_synthetic_lollipop.nii.gz
525_0_0,/Users/kvothearcane/Personal/Coding Projects/GrowthNet/rivanna_pull/analysis/synthetic_lollipop_v1/masks/525_0_0_synthetic_lollipop.nii.gz
525_1_371,/Users/kvothearcane/Personal/Coding Projects/GrowthNet/rivanna_pull/analysis/synthetic_lollipop_v1/masks/525_1_371_synthetic_lollipop.nii.gz
525_3_465,/Users/kvothearcane/Personal/Coding Projects/GrowthNet/rivanna_pull/analysis/synthetic_lollipop_v1/masks/525_3_465_synthetic_lollipop.nii.gz
527_0_0,/Users/kvothearcane/Personal/Coding Projects/GrowthNet/rivanna_pull/analysis/synthetic_lollipop_v1/masks/527_0_0_synthetic_lollipop.nii.gz
527_1_267,/Users/kvothearcane/Personal/Coding Projects/GrowthNet/rivanna_pull/analysis/synthetic_lollipop_v1/masks/527_1_267_synthetic_lollipop.nii.gz
527_2_591,/Users/kvothearcane/Personal/Coding Projects/GrowthNet/rivanna_pull/analysis/synthetic_lollipop_v1/masks/527_2_591_synthetic_lollipop.nii.gz
527_3_625,/Users/kvothearcane/Personal/Coding Projects/GrowthNet/rivanna_pull/analysis/synthetic_lollipop_v1/masks/527_3_625_synthetic_lollipop.nii.gz
528_0_0,/Users/kvothearcane/Personal/Coding Projects/GrowthNet/rivanna_pull/analysis/synthetic_lollipop_v1/masks/528_0_0_synthetic_lollipop.nii.gz
528_1_488,/Users/kvothearcane/Personal/Coding Projects/GrowthNet/rivanna_pull/analysis/synthetic_lollipop_v1/masks/528_1_488_synthetic_lollipop.nii.gz
528_2_838,/Users/kvothearcane/Personal/Coding Projects/GrowthNet/rivanna_pull/analysis/synthetic_lollipop_v1/masks/528_2_838_synthetic_lollipop.nii.gz
528_3_1394,/Users/kvothearcane/Personal/Coding Projects/GrowthNet/rivanna_pull/analysis/synthetic_lollipop_v1/masks/528_3_1394_synthetic_lollipop.nii.gz
528_4_1772,/Users/kvothearcane/Personal/Coding Projects/GrowthNet/rivanna_pull/analysis/synthetic_lollipop_v1/masks/528_4_1772_synthetic_lollipop.nii.gz
532_0_0,/Users/kvothearcane/Personal/Coding Projects/GrowthNet/rivanna_pull/analysis/synthetic_lollipop_v1/masks/532_0_0_synthetic_lollipop.nii.gz
532_1_355,/Users/kvothearcane/Personal/Coding Projects/GrowthNet/rivanna_pull/analysis/synthetic_lollipop_v1/masks/532_1_355_synthetic_lollipop.nii.gz
532_2_624,/Users/kvothearcane/Personal/Coding Projects/GrowthNet/rivanna_pull/analysis/synthetic_lollipop_v1/masks/532_2_624_synthetic_lollipop.nii.gz
534_0_0,/Users/kvothearcane/Personal/Coding Projects/GrowthNet/rivanna_pull/analysis/synthetic_lollipop_v1/masks/534_0_0_synthetic_lollipop.nii.gz
534_1_146,/Users/kvothearcane/Personal/Coding Projects/GrowthNet/rivanna_pull/analysis/synthetic_lollipop_v1/masks/534_1_146_synthetic_lollipop.nii.gz
537_0_0,/Users/kvothearcane/Personal/Coding Projects/GrowthNet/rivanna_pull/analysis/synthetic_lollipop_v1/masks/537_0_0_synthetic_lollipop.nii.gz
537_1_110,/Users/kvothearcane/Personal/Coding Projects/GrowthNet/rivanna_pull/analysis/synthetic_lollipop_v1/masks/537_1_110_synthetic_lollipop.nii.gz
540_0_0,/Users/kvothearcane/Personal/Coding Projects/GrowthNet/rivanna_pull/analysis/synthetic_lollipop_v1/masks/540_0_0_synthetic_lollipop.nii.gz
540_1_294,/Users/kvothearcane/Personal/Coding Projects/GrowthNet/rivanna_pull/analysis/synthetic_lollipop_v1/masks/540_1_294_synthetic_lollipop.nii.gz
540_2_663,/Users/kvothearcane/Personal/Coding Projects/GrowthNet/rivanna_pull/analysis/synthetic_lollipop_v1/masks/540_2_663_synthetic_lollipop.nii.gz
540_3_1126,/Users/kvothearcane/Personal/Coding Projects/GrowthNet/rivanna_pull/analysis/synthetic_lollipop_v1/masks/540_3_1126_synthetic_lollipop.nii.gz
546_0_0,/Users/kvothearcane/Personal/Coding Projects/GrowthNet/rivanna_pull/analysis/synthetic_lollipop_v1/masks/546_0_0_synthetic_lollipop.nii.gz
553_0_0,/Users/kvothearcane/Personal/Coding Projects/GrowthNet/rivanna_pull/analysis/synthetic_lollipop_v1/masks/553_0_0_synthetic_lollipop.nii.gz
556_1_187,/Users/kvothearcane/Personal/Coding Projects/GrowthNet/rivanna_pull/analysis/synthetic_lollipop_v1/masks/556_1_187_synthetic_lollipop.nii.gz
558_1_307,/Users/kvothearcane/Personal/Coding Projects/GrowthNet/rivanna_pull/analysis/synthetic_lollipop_v1/masks/558_1_307_synthetic_lollipop.nii.gz
558_2_756,/Users/kvothearcane/Personal/Coding Projects/GrowthNet/rivanna_pull/analysis/synthetic_lollipop_v1/masks/558_2_756_synthetic_lollipop.nii.gz
558_3_1211,/Users/kvothearcane/Personal/Coding Projects/GrowthNet/rivanna_pull/analysis/synthetic_lollipop_v1/masks/558_3_1211_synthetic_lollipop.nii.gz
558_4_1655,/Users/kvothearcane/Personal/Coding Projects/GrowthNet/rivanna_pull/analysis/synthetic_lollipop_v1/masks/558_4_1655_synthetic_lollipop.nii.gz
558_5_1775,/Users/kvothearcane/Personal/Coding Projects/GrowthNet/rivanna_pull/analysis/synthetic_lollipop_v1/masks/558_5_1775_synthetic_lollipop.nii.gz
560_0_0,/Users/kvothearcane/Personal/Coding Projects/GrowthNet/rivanna_pull/analysis/synthetic_lollipop_v1/masks/560_0_0_synthetic_lollipop.nii.gz
560_1_146,/Users/kvothearcane/Personal/Coding Projects/GrowthNet/rivanna_pull/analysis/synthetic_lollipop_v1/masks/560_1_146_synthetic_lollipop.nii.gz
561_1_146,/Users/kvothearcane/Personal/Coding Projects/GrowthNet/rivanna_pull/analysis/synthetic_lollipop_v1/masks/561_1_146_synthetic_lollipop.nii.gz
561_2_524,/Users/kvothearcane/Personal/Coding Projects/GrowthNet/rivanna_pull/analysis/synthetic_lollipop_v1/masks/561_2_524_synthetic_lollipop.nii.gz
561_4_1259,/Users/kvothearcane/Personal/Coding Projects/GrowthNet/rivanna_pull/analysis/synthetic_lollipop_v1/masks/561_4_1259_synthetic_lollipop.nii.gz
561_5_1314,/Users/kvothearcane/Personal/Coding Projects/GrowthNet/rivanna_pull/analysis/synthetic_lollipop_v1/masks/561_5_1314_synthetic_lollipop.nii.gz
563_1_204,/Users/kvothearcane/Personal/Coding Projects/GrowthNet/rivanna_pull/analysis/synthetic_lollipop_v1/masks/563_1_204_synthetic_lollipop.nii.gz
563_2_377,/Users/kvothearcane/Personal/Coding Projects/GrowthNet/rivanna_pull/analysis/synthetic_lollipop_v1/masks/563_2_377_synthetic_lollipop.nii.gz
565_0_0,/Users/kvothearcane/Personal/Coding Projects/GrowthNet/rivanna_pull/analysis/synthetic_lollipop_v1/masks/565_0_0_synthetic_lollipop.nii.gz
565_1_90,/Users/kvothearcane/Personal/Coding Projects/GrowthNet/rivanna_pull/analysis/synthetic_lollipop_v1/masks/565_1_90_synthetic_lollipop.nii.gz
568_0_0,/Users/kvothearcane/Personal/Coding Projects/GrowthNet/rivanna_pull/analysis/synthetic_lollipop_v1/masks/568_0_0_synthetic_lollipop.nii.gz
568_1_255,/Users/kvothearcane/Personal/Coding Projects/GrowthNet/rivanna_pull/analysis/synthetic_lollipop_v1/masks/568_1_255_synthetic_lollipop.nii.gz
571_2_1366,/Users/kvothearcane/Personal/Coding Projects/GrowthNet/rivanna_pull/analysis/synthetic_lollipop_v1/masks/571_2_1366_synthetic_lollipop.nii.gz
573_0_0,/Users/kvothearcane/Personal/Coding Projects/GrowthNet/rivanna_pull/analysis/synthetic_lollipop_v1/masks/573_0_0_synthetic_lollipop.nii.gz
573_1_58,/Users/kvothearcane/Personal/Coding Projects/GrowthNet/rivanna_pull/analysis/synthetic_lollipop_v1/masks/573_1_58_synthetic_lollipop.nii.gz
576_2_250,/Users/kvothearcane/Personal/Coding Projects/GrowthNet/rivanna_pull/analysis/synthetic_lollipop_v1/masks/576_2_250_synthetic_lollipop.nii.gz
577_0_0,/Users/kvothearcane/Personal/Coding Projects/GrowthNet/rivanna_pull/analysis/synthetic_lollipop_v1/masks/577_0_0_synthetic_lollipop.nii.gz
577_1_239,/Users/kvothearcane/Personal/Coding Projects/GrowthNet/rivanna_pull/analysis/synthetic_lollipop_v1/masks/577_1_239_synthetic_lollipop.nii.gz
577_2_568,/Users/kvothearcane/Personal/Coding Projects/GrowthNet/rivanna_pull/analysis/synthetic_lollipop_v1/masks/577_2_568_synthetic_lollipop.nii.gz
577_3_932,/Users/kvothearcane/Personal/Coding Projects/GrowthNet/rivanna_pull/analysis/synthetic_lollipop_v1/masks/577_3_932_synthetic_lollipop.nii.gz
577_4_1366,/Users/kvothearcane/Personal/Coding Projects/GrowthNet/rivanna_pull/analysis/synthetic_lollipop_v1/masks/577_4_1366_synthetic_lollipop.nii.gz
578_0_0,/Users/kvothearcane/Personal/Coding Projects/GrowthNet/rivanna_pull/analysis/synthetic_lollipop_v1/masks/578_0_0_synthetic_lollipop.nii.gz
578_1_317,/Users/kvothearcane/Personal/Coding Projects/GrowthNet/rivanna_pull/analysis/synthetic_lollipop_v1/masks/578_1_317_synthetic_lollipop.nii.gz
579_0_0,/Users/kvothearcane/Personal/Coding Projects/GrowthNet/rivanna_pull/analysis/synthetic_lollipop_v1/masks/579_0_0_synthetic_lollipop.nii.gz
579_1_198,/Users/kvothearcane/Personal/Coding Projects/GrowthNet/rivanna_pull/analysis/synthetic_lollipop_v1/masks/579_1_198_synthetic_lollipop.nii.gz
579_2_697,/Users/kvothearcane/Personal/Coding Projects/GrowthNet/rivanna_pull/analysis/synthetic_lollipop_v1/masks/579_2_697_synthetic_lollipop.nii.gz
579_3_1222,/Users/kvothearcane/Personal/Coding Projects/GrowthNet/rivanna_pull/analysis/synthetic_lollipop_v1/masks/579_3_1222_synthetic_lollipop.nii.gz
579_4_1600,/Users/kvothearcane/Personal/Coding Projects/GrowthNet/rivanna_pull/analysis/synthetic_lollipop_v1/masks/579_4_1600_synthetic_lollipop.nii.gz
581_1_152,/Users/kvothearcane/Personal/Coding Projects/GrowthNet/rivanna_pull/analysis/synthetic_lollipop_v1/masks/581_1_152_synthetic_lollipop.nii.gz
581_2_440,/Users/kvothearcane/Personal/Coding Projects/GrowthNet/rivanna_pull/analysis/synthetic_lollipop_v1/masks/581_2_440_synthetic_lollipop.nii.gz
582_0_0,/Users/kvothearcane/Personal/Coding Projects/GrowthNet/rivanna_pull/analysis/synthetic_lollipop_v1/masks/582_0_0_synthetic_lollipop.nii.gz
582_1_185,/Users/kvothearcane/Personal/Coding Projects/GrowthNet/rivanna_pull/analysis/synthetic_lollipop_v1/masks/582_1_185_synthetic_lollipop.nii.gz
583_0_0,/Users/kvothearcane/Personal/Coding Projects/GrowthNet/rivanna_pull/analysis/synthetic_lollipop_v1/masks/583_0_0_synthetic_lollipop.nii.gz
583_1_86,/Users/kvothearcane/Personal/Coding Projects/GrowthNet/rivanna_pull/analysis/synthetic_lollipop_v1/masks/583_1_86_synthetic_lollipop.nii.gz
583_2_278,/Users/kvothearcane/Personal/Coding Projects/GrowthNet/rivanna_pull/analysis/synthetic_lollipop_v1/masks/583_2_278_synthetic_lollipop.nii.gz
583_3_460,/Users/kvothearcane/Personal/Coding Projects/GrowthNet/rivanna_pull/analysis/synthetic_lollipop_v1/masks/583_3_460_synthetic_lollipop.nii.gz
587_1_340,/Users/kvothearcane/Personal/Coding Projects/GrowthNet/rivanna_pull/analysis/synthetic_lollipop_v1/masks/587_1_340_synthetic_lollipop.nii.gz
592_1_253,/Users/kvothearcane/Personal/Coding Projects/GrowthNet/rivanna_pull/analysis/synthetic_lollipop_v1/masks/592_1_253_synthetic_lollipop.nii.gz
592_2_1030,/Users/kvothearcane/Personal/Coding Projects/GrowthNet/rivanna_pull/analysis/synthetic_lollipop_v1/masks/592_2_1030_synthetic_lollipop.nii.gz
593_0_0,/Users/kvothearcane/Personal/Coding Projects/GrowthNet/rivanna_pull/analysis/synthetic_lollipop_v1/masks/593_0_0_synthetic_lollipop.nii.gz
593_1_403,/Users/kvothearcane/Personal/Coding Projects/GrowthNet/rivanna_pull/analysis/synthetic_lollipop_v1/masks/593_1_403_synthetic_lollipop.nii.gz
593_3_2370,/Users/kvothearcane/Personal/Coding Projects/GrowthNet/rivanna_pull/analysis/synthetic_lollipop_v1/masks/593_3_2370_synthetic_lollipop.nii.gz
595_1_357,/Users/kvothearcane/Personal/Coding Projects/GrowthNet/rivanna_pull/analysis/synthetic_lollipop_v1/masks/595_1_357_synthetic_lollipop.nii.gz
595_2_652,/Users/kvothearcane/Personal/Coding Projects/GrowthNet/rivanna_pull/analysis/synthetic_lollipop_v1/masks/595_2_652_synthetic_lollipop.nii.gz
595_3_1268,/Users/kvothearcane/Personal/Coding Projects/GrowthNet/rivanna_pull/analysis/synthetic_lollipop_v1/masks/595_3_1268_synthetic_lollipop.nii.gz
595_4_1631,/Users/kvothearcane/Personal/Coding Projects/GrowthNet/rivanna_pull/analysis/synthetic_lollipop_v1/masks/595_4_1631_synthetic_lollipop.nii.gz
595_5_1995,/Users/kvothearcane/Personal/Coding Projects/GrowthNet/rivanna_pull/analysis/synthetic_lollipop_v1/masks/595_5_1995_synthetic_lollipop.nii.gz
601_1_201,/Users/kvothearcane/Personal/Coding Projects/GrowthNet/rivanna_pull/analysis/synthetic_lollipop_v1/masks/601_1_201_synthetic_lollipop.nii.gz
601_2_616,/Users/kvothearcane/Personal/Coding Projects/GrowthNet/rivanna_pull/analysis/synthetic_lollipop_v1/masks/601_2_616_synthetic_lollipop.nii.gz
603_0_0,/Users/kvothearcane/Personal/Coding Projects/GrowthNet/rivanna_pull/analysis/synthetic_lollipop_v1/masks/603_0_0_synthetic_lollipop.nii.gz
603_1_860,/Users/kvothearcane/Personal/Coding Projects/GrowthNet/rivanna_pull/analysis/synthetic_lollipop_v1/masks/603_1_860_synthetic_lollipop.nii.gz
604_1_178,/Users/kvothearcane/Personal/Coding Projects/GrowthNet/rivanna_pull/analysis/synthetic_lollipop_v1/masks/604_1_178_synthetic_lollipop.nii.gz
604_2_258,/Users/kvothearcane/Personal/Coding Projects/GrowthNet/rivanna_pull/analysis/synthetic_lollipop_v1/masks/604_2_258_synthetic_lollipop.nii.gz
606_0_0,/Users/kvothearcane/Personal/Coding Projects/GrowthNet/rivanna_pull/analysis/synthetic_lollipop_v1/masks/606_0_0_synthetic_lollipop.nii.gz
606_1_181,/Users/kvothearcane/Personal/Coding Projects/GrowthNet/rivanna_pull/analysis/synthetic_lollipop_v1/masks/606_1_181_synthetic_lollipop.nii.gz
606_2_545,/Users/kvothearcane/Personal/Coding Projects/GrowthNet/rivanna_pull/analysis/synthetic_lollipop_v1/masks/606_2_545_synthetic_lollipop.nii.gz
606_3_914,/Users/kvothearcane/Personal/Coding Projects/GrowthNet/rivanna_pull/analysis/synthetic_lollipop_v1/masks/606_3_914_synthetic_lollipop.nii.gz
606_4_1278,/Users/kvothearcane/Personal/Coding Projects/GrowthNet/rivanna_pull/analysis/synthetic_lollipop_v1/masks/606_4_1278_synthetic_lollipop.nii.gz
606_5_2001,/Users/kvothearcane/Personal/Coding Projects/GrowthNet/rivanna_pull/analysis/synthetic_lollipop_v1/masks/606_5_2001_synthetic_lollipop.nii.gz
609_0_0,/Users/kvothearcane/Personal/Coding Projects/GrowthNet/rivanna_pull/analysis/synthetic_lollipop_v1/masks/609_0_0_synthetic_lollipop.nii.gz
609_1_167,/Users/kvothearcane/Personal/Coding Projects/GrowthNet/rivanna_pull/analysis/synthetic_lollipop_v1/masks/609_1_167_synthetic_lollipop.nii.gz
609_2_536,/Users/kvothearcane/Personal/Coding Projects/GrowthNet/rivanna_pull/analysis/synthetic_lollipop_v1/masks/609_2_536_synthetic_lollipop.nii.gz
609_3_902,/Users/kvothearcane/Personal/Coding Projects/GrowthNet/rivanna_pull/analysis/synthetic_lollipop_v1/masks/609_3_902_synthetic_lollipop.nii.gz
610_1_210,/Users/kvothearcane/Personal/Coding Projects/GrowthNet/rivanna_pull/analysis/synthetic_lollipop_v1/masks/610_1_210_synthetic_lollipop.nii.gz
610_2_619,/Users/kvothearcane/Personal/Coding Projects/GrowthNet/rivanna_pull/analysis/synthetic_lollipop_v1/masks/610_2_619_synthetic_lollipop.nii.gz
610_3_1008,/Users/kvothearcane/Personal/Coding Projects/GrowthNet/rivanna_pull/analysis/synthetic_lollipop_v1/masks/610_3_1008_synthetic_lollipop.nii.gz
610_4_1386,/Users/kvothearcane/Personal/Coding Projects/GrowthNet/rivanna_pull/analysis/synthetic_lollipop_v1/masks/610_4_1386_synthetic_lollipop.nii.gz
611_0_0,/Users/kvothearcane/Personal/Coding Projects/GrowthNet/rivanna_pull/analysis/synthetic_lollipop_v1/masks/611_0_0_synthetic_lollipop.nii.gz
611_1_186,/Users/kvothearcane/Personal/Coding Projects/GrowthNet/rivanna_pull/analysis/synthetic_lollipop_v1/masks/611_1_186_synthetic_lollipop.nii.gz
611_2_466,/Users/kvothearcane/Personal/Coding Projects/GrowthNet/rivanna_pull/analysis/synthetic_lollipop_v1/masks/611_2_466_synthetic_lollipop.nii.gz
618_0_0,/Users/kvothearcane/Personal/Coding Projects/GrowthNet/rivanna_pull/analysis/synthetic_lollipop_v1/masks/618_0_0_synthetic_lollipop.nii.gz
618_1_291,/Users/kvothearcane/Personal/Coding Projects/GrowthNet/rivanna_pull/analysis/synthetic_lollipop_v1/masks/618_1_291_synthetic_lollipop.nii.gz
618_2_627,/Users/kvothearcane/Personal/Coding Projects/GrowthNet/rivanna_pull/analysis/synthetic_lollipop_v1/masks/618_2_627_synthetic_lollipop.nii.gz
625_2_1420,/Users/kvothearcane/Personal/Coding Projects/GrowthNet/rivanna_pull/analysis/synthetic_lollipop_v1/masks/625_2_1420_synthetic_lollipop.nii.gz
625_3_1544,/Users/kvothearcane/Personal/Coding Projects/GrowthNet/rivanna_pull/analysis/synthetic_lollipop_v1/masks/625_3_1544_synthetic_lollipop.nii.gz
629_0_0,/Users/kvothearcane/Personal/Coding Projects/GrowthNet/rivanna_pull/analysis/synthetic_lollipop_v1/masks/629_0_0_synthetic_lollipop.nii.gz
629_1_413,/Users/kvothearcane/Personal/Coding Projects/GrowthNet/rivanna_pull/analysis/synthetic_lollipop_v1/masks/629_1_413_synthetic_lollipop.nii.gz
629_2_810,/Users/kvothearcane/Personal/Coding Projects/GrowthNet/rivanna_pull/analysis/synthetic_lollipop_v1/masks/629_2_810_synthetic_lollipop.nii.gz
636_0_0,/Users/kvothearcane/Personal/Coding Projects/GrowthNet/rivanna_pull/analysis/synthetic_lollipop_v1/masks/636_0_0_synthetic_lollipop.nii.gz
636_1_181,/Users/kvothearcane/Personal/Coding Projects/GrowthNet/rivanna_pull/analysis/synthetic_lollipop_v1/masks/636_1_181_synthetic_lollipop.nii.gz
636_4_978,/Users/kvothearcane/Personal/Coding Projects/GrowthNet/rivanna_pull/analysis/synthetic_lollipop_v1/masks/636_4_978_synthetic_lollipop.nii.gz
647_2_176,/Users/kvothearcane/Personal/Coding Projects/GrowthNet/rivanna_pull/analysis/synthetic_lollipop_v1/masks/647_2_176_synthetic_lollipop.nii.gz
649_0_0,/Users/kvothearcane/Personal/Coding Projects/GrowthNet/rivanna_pull/analysis/synthetic_lollipop_v1/masks/649_0_0_synthetic_lollipop.nii.gz
649_1_37,/Users/kvothearcane/Personal/Coding Projects/GrowthNet/rivanna_pull/analysis/synthetic_lollipop_v1/masks/649_1_37_synthetic_lollipop.nii.gz
649_2_148,/Users/kvothearcane/Personal/Coding Projects/GrowthNet/rivanna_pull/analysis/synthetic_lollipop_v1/masks/649_2_148_synthetic_lollipop.nii.gz
662_2_260,/Users/kvothearcane/Personal/Coding Projects/GrowthNet/rivanna_pull/analysis/synthetic_lollipop_v1/masks/662_2_260_synthetic_lollipop.nii.gz
664_0_0,/Users/kvothearcane/Personal/Coding Projects/GrowthNet/rivanna_pull/analysis/synthetic_lollipop_v1/masks/664_0_0_synthetic_lollipop.nii.gz
664_1_175,/Users/kvothearcane/Personal/Coding Projects/GrowthNet/rivanna_pull/analysis/synthetic_lollipop_v1/masks/664_1_175_synthetic_lollipop.nii.gz
664_2_210,/Users/kvothearcane/Personal/Coding Projects/GrowthNet/rivanna_pull/analysis/synthetic_lollipop_v1/masks/664_2_210_synthetic_lollipop.nii.gz
679_1_94,/Users/kvothearcane/Personal/Coding Projects/GrowthNet/rivanna_pull/analysis/synthetic_lollipop_v1/masks/679_1_94_synthetic_lollipop.nii.gz
690_0_0,/Users/kvothearcane/Personal/Coding Projects/GrowthNet/rivanna_pull/analysis/synthetic_lollipop_v1/masks/690_0_0_synthetic_lollipop.nii.gz
696_0_0,/Users/kvothearcane/Personal/Coding Projects/GrowthNet/rivanna_pull/analysis/synthetic_lollipop_v1/masks/696_0_0_synthetic_lollipop.nii.gz
709_0_0,/Users/kvothearcane/Personal/Coding Projects/GrowthNet/rivanna_pull/analysis/synthetic_lollipop_v1/masks/709_0_0_synthetic_lollipop.nii.gz
709_1_371,/Users/kvothearcane/Personal/Coding Projects/GrowthNet/rivanna_pull/analysis/synthetic_lollipop_v1/masks/709_1_371_synthetic_lollipop.nii.gz
709_2_763,/Users/kvothearcane/Personal/Coding Projects/GrowthNet/rivanna_pull/analysis/synthetic_lollipop_v1/masks/709_2_763_synthetic_lollipop.nii.gz
731_5_4977,/Users/kvothearcane/Personal/Coding Projects/GrowthNet/rivanna_pull/analysis/synthetic_lollipop_v1/masks/731_5_4977_synthetic_lollipop.nii.gz
731_6_5458,/Users/kvothearcane/Personal/Coding Projects/GrowthNet/rivanna_pull/analysis/synthetic_lollipop_v1/masks/731_6_5458_synthetic_lollipop.nii.gz
733_1_53,/Users/kvothearcane/Personal/Coding Projects/GrowthNet/rivanna_pull/analysis/synthetic_lollipop_v1/masks/733_1_53_synthetic_lollipop.nii.gz
733_2_242,/Users/kvothearcane/Personal/Coding Projects/GrowthNet/rivanna_pull/analysis/synthetic_lollipop_v1/masks/733_2_242_synthetic_lollipop.nii.gz
734_1_365,/Users/kvothearcane/Personal/Coding Projects/GrowthNet/rivanna_pull/analysis/synthetic_lollipop_v1/masks/734_1_365_synthetic_lollipop.nii.gz
734_2_768,/Users/kvothearcane/Personal/Coding Projects/GrowthNet/rivanna_pull/analysis/synthetic_lollipop_v1/masks/734_2_768_synthetic_lollipop.nii.gz
735_2_721,/Users/kvothearcane/Personal/Coding Projects/GrowthNet/rivanna_pull/analysis/synthetic_lollipop_v1/masks/735_2_721_synthetic_lollipop.nii.gz
735_3_1012,/Users/kvothearcane/Personal/Coding Projects/GrowthNet/rivanna_pull/analysis/synthetic_lollipop_v1/masks/735_3_1012_synthetic_lollipop.nii.gz
743_0_0,/Users/kvothearcane/Personal/Coding Projects/GrowthNet/rivanna_pull/analysis/synthetic_lollipop_v1/masks/743_0_0_synthetic_lollipop.nii.gz
743_3_631,/Users/kvothearcane/Personal/Coding Projects/GrowthNet/rivanna_pull/analysis/synthetic_lollipop_v1/masks/743_3_631_synthetic_lollipop.nii.gz
744_0_0,/Users/kvothearcane/Personal/Coding Projects/GrowthNet/rivanna_pull/analysis/synthetic_lollipop_v1/masks/744_0_0_synthetic_lollipop.nii.gz
744_2_478,/Users/kvothearcane/Personal/Coding Projects/GrowthNet/rivanna_pull/analysis/synthetic_lollipop_v1/masks/744_2_478_synthetic_lollipop.nii.gz
745_1_403,/Users/kvothearcane/Personal/Coding Projects/GrowthNet/rivanna_pull/analysis/synthetic_lollipop_v1/masks/745_1_403_synthetic_lollipop.nii.gz
745_2_589,/Users/kvothearcane/Personal/Coding Projects/GrowthNet/rivanna_pull/analysis/synthetic_lollipop_v1/masks/745_2_589_synthetic_lollipop.nii.gz
747_1_6,/Users/kvothearcane/Personal/Coding Projects/GrowthNet/rivanna_pull/analysis/synthetic_lollipop_v1/masks/747_1_6_synthetic_lollipop.nii.gz
747_2_201,/Users/kvothearcane/Personal/Coding Projects/GrowthNet/rivanna_pull/analysis/synthetic_lollipop_v1/masks/747_2_201_synthetic_lollipop.nii.gz
747_3_565,/Users/kvothearcane/Personal/Coding Projects/GrowthNet/rivanna_pull/analysis/synthetic_lollipop_v1/masks/747_3_565_synthetic_lollipop.nii.gz
