case_id,seg_path,target_volume_mm3,realized_volume_mm3,volume_error_mm3,volume_error_fraction,n_calibration_iters,final_linear_scale_vox,rotation_z_deg,rotation_y_deg,rotation_x_deg,seed,original_seg_path,local_mask_exists
57_0_0,/Users/kvothearcane/Personal/Coding Projects/GrowthNet/rivanna_pull/analysis/synthetic_lollipop_v1/masks/57_0_0_synthetic_lollipop.nii.gz,101.125,104.0,2.875,0.0284301606922126,4,8.916082483622493,58,26,2,2457441335,/sfs/ceph/standard/gam_ai_group/people_scratch/ethan hirai/GrowthNet/analysis/synthetic_lollipop_v1/masks/57_0_0_synthetic_lollipop.nii.gz,True
57_1_208,/Users/kvothearcane/Personal/Coding Projects/GrowthNet/rivanna_pull/analysis/synthetic_lollipop_v1/masks/57_1_208_synthetic_lollipop.nii.gz,38.125,39.0,0.875,0.0229508196721311,7,6.771744823892471,94,55,107,3331333347,/sfs/ceph/standard/gam_ai_group/people_scratch/ethan hirai/GrowthNet/analysis/synthetic_lollipop_v1/masks/57_1_208_synthetic_lollipop.nii.gz,True
57_2_572,/Users/kvothearcane/Personal/Coding Projects/GrowthNet/rivanna_pull/analysis/synthetic_lollipop_v1/masks/57_2_572_synthetic_lollipop.nii.gz,40.25,41.0,0.75,0.0186335403726708,5,6.82794887083642,124,28,25,3791086040,/sfs/ceph/standard/gam_ai_group/people_scratch/ethan hirai/GrowthNet/analysis/synthetic_lollipop_v1/masks/57_2_572_synthetic_lollipop.nii.gz,True
58_1_214,/Users/kvothearcane/Personal/Coding Projects/GrowthNet/rivanna_pull/analysis/synthetic_lollipop_v1/masks/58_1_214_synthetic_lollipop.nii.gz,99.25,102.0,2.75,0.0277078085642317,2,9.588465018088083,2,172,176,3266480050,/sfs/ceph/standard/gam_ai_group/people_scratch/ethan hirai/GrowthNet/analysis/synthetic_lollipop_v1/masks/58_1_214_synthetic_lollipop.nii.gz,True
69_1_106,/Users/kvothearcane/Personal/Coding Projects/GrowthNet/rivanna_pull/analysis/synthetic_lollipop_v1/masks/69_1_106_synthetic_lollipop.nii.gz,302.75,300.0,-2.75,0.0090834021469859,3,11.794820417993623,74,154,29,390146563,/sfs/ceph/standard/gam_ai_group/people_scratch/ethan hirai/GrowthNet/analysis/synthetic_lollipop_v1/masks/69_1_106_synthetic_lollipop.nii.gz,True
69_2_469,/Users/kvothearcane/Personal/Coding Projects/GrowthNet/rivanna_pull/analysis/synthetic_lollipop_v1/masks/69_2_469_synthetic_lollipop.nii.gz,528.125,528.0,-0.125,0.0002366863905325,5,12.500266249046083,54,63,158,1129172539,/sfs/ceph/standard/gam_ai_group/people_scratch/ethan hirai/GrowthNet/analysis/synthetic_lollipop_v1/masks/69_2_469_synthetic_lollipop.nii.gz,True
74_0_0,/Users/kvothearcane/Personal/Coding Projects/GrowthNet/rivanna_pull/analysis/synthetic_lollipop_v1/masks/74_0_0_synthetic_lollipop.nii.gz,159.75,164.0,4.25,0.0266040688575899,13,10.239145305891062,84,172,94,652827269,/sfs/ceph/standard/gam_ai_group/people_scratch/ethan hirai/GrowthNet/analysis/synthetic_lollipop_v1/masks/74_0_0_synthetic_lollipop.nii.gz,True
74_2_1367,/Users/kvothearcane/Personal/Coding Projects/GrowthNet/rivanna_pull/analysis/synthetic_lollipop_v1/masks/74_2_1367_synthetic_lollipop.nii.gz,1037.375,1056.0,18.625,0.0179539703578744,6,13.991057346181233,74,160,54,3096794817,/sfs/ceph/standard/gam_ai_group/people_scratch/ethan hirai/GrowthNet/analysis/synthetic_lollipop_v1/masks/74_2_1367_synthetic_lollipop.nii.gz,True
80_1_106,/Users/kvothearcane/Personal/Coding Projects/GrowthNet/rivanna_pull/analysis/synthetic_lollipop_v1/masks/80_1_106_synthetic_lollipop.nii.gz,175.375,177.0,1.625,0.0092658588738417,7,10.822152012158677,79,86,165,2941405288,/sfs/ceph/standard/gam_ai_group/people_scratch/ethan hirai/GrowthNet/analysis/synthetic_lollipop_v1/masks/80_1_106_synthetic_lollipop.nii.gz,True
80_2_294,/Users/kvothearcane/Personal/Coding Projects/GrowthNet/rivanna_pull/analysis/synthetic_lollipop_v1/masks/80_2_294_synthetic_lollipop.nii.gz,105.375,105.0,-0.375,0.0035587188612099,5,9.410531685963935,3,2,29,555765711,/sfs/ceph/standard/gam_ai_group/people_scratch/ethan hirai/GrowthNet/analysis/synthetic_lollipop_v1/masks/80_2_294_synthetic_lollipop.nii.gz,True
80_3_661,/Users/kvothearcane/Personal/Coding Projects/GrowthNet/rivanna_pull/analysis/synthetic_lollipop_v1/masks/80_3_661_synthetic_lollipop.nii.gz,228.125,228.0,-0.125,0.0005479452054794,5,11.21326083581002,65,150,43,150101700,/sfs/ceph/standard/gam_ai_group/people_scratch/ethan hirai/GrowthNet/analysis/synthetic_lollipop_v1/masks/80_3_661_synthetic_lollipop.nii.gz,True
87_1_1322,/Users/kvothearcane/Personal/Coding Projects/GrowthNet/rivanna_pull/analysis/synthetic_lollipop_v1/masks/87_1_1322_synthetic_lollipop.nii.gz,131.0,128.0,-3.0,0.0229007633587786,6,10.318311653303654,63,71,57,809897508,/sfs/ceph/standard/gam_ai_group/people_scratch/ethan hirai/GrowthNet/analysis/synthetic_lollipop_v1/masks/87_1_1322_synthetic_lollipop.nii.gz,True
87_3_1668,/Users/kvothearcane/Personal/Coding Projects/GrowthNet/rivanna_pull/analysis/synthetic_lollipop_v1/masks/87_3_1668_synthetic_lollipop.nii.gz,227.25,226.0,-1.25,0.0055005500550055,5,11.198905877568542,176,83,74,398666123,/sfs/ceph/standard/gam_ai_group/people_scratch/ethan hirai/GrowthNet/analysis/synthetic_lollipop_v1/masks/87_3_1668_synthetic_lollipop.nii.gz,True
87_4_1793,/Users/kvothearcane/Personal/Coding Projects/GrowthNet/rivanna_pull/analysis/synthetic_lollipop_v1/masks/87_4_1793_synthetic_lollipop.nii.gz,260.5,267.0,6.5,0.0249520153550863,6,11.469435639482864,71,44,178,3725311528,/sfs/ceph/standard/gam_ai_group/people_scratch/ethan hirai/GrowthNet/analysis/synthetic_lollipop_v1/masks/87_4_1793_synthetic_lollipop.nii.gz,True
91_0_0,/Users/kvothearcane/Personal/Coding Projects/GrowthNet/rivanna_pull/analysis/synthetic_lollipop_v1/masks/91_0_0_synthetic_lollipop.nii.gz,16.375,14.0,-2.375,0.1450381679389313,14,5.009458921101343,119,152,114,1378757035,/sfs/ceph/standard/gam_ai_group/people_scratch/ethan hirai/GrowthNet/analysis/synthetic_lollipop_v1/masks/91_0_0_synthetic_lollipop.nii.gz,True
91_1_318,/Users/kvothearcane/Personal/Coding Projects/GrowthNet/rivanna_pull/analysis/synthetic_lollipop_v1/masks/91_1_318_synthetic_lollipop.nii.gz,79.25,78.0,-1.25,0.0157728706624605,2,8.895533645002445,104,89,119,4290255765,/sfs/ceph/standard/gam_ai_group/people_scratch/ethan hirai/GrowthNet/analysis/synthetic_lollipop_v1/masks/91_1_318_synthetic_lollipop.nii.gz,True
95_0_0,/Users/kvothearcane/Personal/Coding Projects/GrowthNet/rivanna_pull/analysis/synthetic_lollipop_v1/masks/95_0_0_synthetic_lollipop.nii.gz,30.375,32.0,1.625,0.0534979423868312,14,6.216420648527029,179,150,107,2501031446,/sfs/ceph/standard/gam_ai_group/people_scratch/ethan hirai/GrowthNet/analysis/synthetic_lollipop_v1/masks/95_0_0_synthetic_lollipop.nii.gz,True
95_1_182,/Users/kvothearcane/Personal/Coding Projects/GrowthNet/rivanna_pull/analysis/synthetic_lollipop_v1/masks/95_1_182_synthetic_lollipop.nii.gz,48.25,48.0,-0.25,0.005181347150259,6,8.254790674070428,50,85,103,3936196865,/sfs/ceph/standard/gam_ai_group/people_scratch/ethan hirai/GrowthNet/analysis/synthetic_lollipop_v1/masks/95_1_182_synthetic_lollipop.nii.gz,True
95_2_574,/Users/kvothearcane/Personal/Coding Projects/GrowthNet/rivanna_pull/analysis/synthetic_lollipop_v1/masks/95_2_574_synthetic_lollipop.nii.gz,82.25,80.0,-2.25,0.0273556231003039,5,8.664568397012065,165,159,30,3638685953,/sfs/ceph/standard/gam_ai_group/people_scratch/ethan hirai/GrowthNet/analysis/synthetic_lollipop_v1/masks/95_2_574_synthetic_lollipop.nii.gz,True
126_1_312,/Users/kvothearcane/Personal/Coding Projects/GrowthNet/rivanna_pull/analysis/synthetic_lollipop_v1/masks/126_1_312_synthetic_lollipop.nii.gz,192.25,198.0,5.75,0.0299089726918075,7,10.478226310357664,4,88,129,2180589568,/sfs/ceph/standard/gam_ai_group/people_scratch/ethan hirai/GrowthNet/analysis/synthetic_lollipop_v1/masks/126_1_312_synthetic_lollipop.nii.gz,True
126_2_582,/Users/kvothearcane/Personal/Coding Projects/GrowthNet/rivanna_pull/analysis/synthetic_lollipop_v1/masks/126_2_582_synthetic_lollipop.nii.gz,308.5,307.0,-1.5,0.0048622366288492,3,11.86902392050557,77,107,170,3350434852,/sfs/ceph/standard/gam_ai_group/people_scratch/ethan hirai/GrowthNet/analysis/synthetic_lollipop_v1/masks/126_2_582_synthetic_lollipop.nii.gz,True
126_3_921,/Users/kvothearcane/Personal/Coding Projects/GrowthNet/rivanna_pull/analysis/synthetic_lollipop_v1/masks/126_3_921_synthetic_lollipop.nii.gz,488.0,482.0,-6.0,0.0122950819672131,5,12.914788034502845,120,21,6,4185988954,/sfs/ceph/standard/gam_ai_group/people_scratch/ethan hirai/GrowthNet/analysis/synthetic_lollipop_v1/masks/126_3_921_synthetic_lollipop.nii.gz,True
126_4_1231,/Users/kvothearcane/Personal/Coding Projects/GrowthNet/rivanna_pull/analysis/synthetic_lollipop_v1/masks/126_4_1231_synthetic_lollipop.nii.gz,847.0,855.0,8.0,0.0094451003541912,4,13.298916082059524,66,135,112,1952712548,/sfs/ceph/standard/gam_ai_group/people_scratch/ethan hirai/GrowthNet/analysis/synthetic_lollipop_v1/masks/126_4_1231_synthetic_lollipop.nii.gz,True
126_5_1607,/Users/kvothearcane/Personal/Coding Projects/GrowthNet/rivanna_pull/analysis/synthetic_lollipop_v1/masks/126_5_1607_synthetic_lollipop.nii.gz,3320.375,3396.0,75.625,0.0227760418627414,4,20.969310663799796,108,122,1,2386771635,/sfs/ceph/standard/gam_ai_group/people_scratch/ethan hirai/GrowthNet/analysis/synthetic_lollipop_v1/masks/126_5_1607_synthetic_lollipop.nii.gz,True
132_0_0,/Users/kvothearcane/Personal/Coding Projects/GrowthNet/rivanna_pull/analysis/synthetic_lollipop_v1/masks/132_0_0_synthetic_lollipop.nii.gz,7679.75,7674.0,-5.75,0.000748722289137,4,27.73133664543247,126,149,128,1451925654,/sfs/ceph/standard/gam_ai_group/people_scratch/ethan hirai/GrowthNet/analysis/synthetic_lollipop_v1/masks/132_0_0_synthetic_lollipop.nii.gz,True
132_1_148,/Users/kvothearcane/Personal/Coding Projects/GrowthNet/rivanna_pull/analysis/synthetic_lollipop_v1/masks/132_1_148_synthetic_lollipop.nii.gz,10363.5,10057.0,-306.5,0.0295749505475949,5,29.620943529531413,76,154,82,1530397573,/sfs/ceph/standard/gam_ai_group/people_scratch/ethan hirai/GrowthNet/analysis/synthetic_lollipop_v1/masks/132_1_148_synthetic_lollipop.nii.gz,True
132_2_232,/Users/kvothearcane/Personal/Coding Projects/GrowthNet/rivanna_pull/analysis/synthetic_lollipop_v1/masks/132_2_232_synthetic_lollipop.nii.gz,8729.25,8812.0,82.75,0.0094796231062233,5,27.974073704518972,35,170,53,2122148134,/sfs/ceph/standard/gam_ai_group/people_scratch/ethan hirai/GrowthNet/analysis/synthetic_lollipop_v1/masks/132_2_232_synthetic_lollipop.nii.gz,True
137_0_0,/Users/kvothearcane/Personal/Coding Projects/GrowthNet/rivanna_pull/analysis/synthetic_lollipop_v1/masks/137_0_0_synthetic_lollipop.nii.gz,88.875,91.0,2.125,0.0239099859353023,9,8.825454359139375,116,109,115,3927507831,/sfs/ceph/standard/gam_ai_group/people_scratch/ethan hirai/GrowthNet/analysis/synthetic_lollipop_v1/masks/137_0_0_synthetic_lollipop.nii.gz,True
137_1_571,/Users/kvothearcane/Personal/Coding Projects/GrowthNet/rivanna_pull/analysis/synthetic_lollipop_v1/masks/137_1_571_synthetic_lollipop.nii.gz,117.875,117.0,-0.875,0.0074231177094379,7,10.05786321308194,24,80,3,662940106,/sfs/ceph/standard/gam_ai_group/people_scratch/ethan hirai/GrowthNet/analysis/synthetic_lollipop_v1/masks/137_1_571_synthetic_lollipop.nii.gz,True
137_2_2111,/Users/kvothearcane/Personal/Coding Projects/GrowthNet/rivanna_pull/analysis/synthetic_lollipop_v1/masks/137_2_2111_synthetic_lollipop.nii.gz,167.5,170.0,2.5,0.0149253731343283,5,10.116087280763594,100,13,81,1425740286,/sfs/ceph/standard/gam_ai_group/people_scratch/ethan hirai/GrowthNet/analysis/synthetic_lollipop_v1/masks/137_2_2111_synthetic_lollipop.nii.gz,True
140_0_0,/Users/kvothearcane/Personal/Coding Projects/GrowthNet/rivanna_pull/analysis/synthetic_lollipop_v1/masks/140_0_0_synthetic_lollipop.nii.gz,93.5,96.0,2.5,0.0267379679144385,2,9.39960174646428,158,102,153,3728484073,/sfs/ceph/standard/gam_ai_group/people_scratch/ethan hirai/GrowthNet/analysis/synthetic_lollipop_v1/masks/140_0_0_synthetic_lollipop.nii.gz,True
140_2_780,/Users/kvothearcane/Personal/Coding Projects/GrowthNet/rivanna_pull/analysis/synthetic_lollipop_v1/masks/140_2_780_synthetic_lollipop.nii.gz,90.375,94.0,3.625,0.0401106500691562,14,9.293693659749326,8,97,97,438801380,/sfs/ceph/standard/gam_ai_group/people_scratch/ethan hirai/GrowthNet/analysis/synthetic_lollipop_v1/masks/140_2_780_synthetic_lollipop.nii.gz,True
169_0_0,/Users/kvothearcane/Personal/Coding Projects/GrowthNet/rivanna_pull/analysis/synthetic_lollipop_v1/masks/169_0_0_synthetic_lollipop.nii.gz,272.25,265.0,-7.25,0.0266299357208448,6,12.148776297373423,146,28,0,2456883440,/sfs/ceph/standard/gam_ai_group/people_scratch/ethan hirai/GrowthNet/analysis/synthetic_lollipop_v1/masks/169_0_0_synthetic_lollipop.nii.gz,True
169_1_184,/Users/kvothearcane/Personal/Coding Projects/GrowthNet/rivanna_pull/analysis/synthetic_lollipop_v1/masks/169_1_184_synthetic_lollipop.nii.gz,454.875,461.0,6.125,0.0134652377026655,3,13.509127642511512,91,48,170,2372222272,/sfs/ceph/standard/gam_ai_group/people_scratch/ethan hirai/GrowthNet/analysis/synthetic_lollipop_v1/masks/169_1_184_synthetic_lollipop.nii.gz,True
170_0_0,/Users/kvothearcane/Personal/Coding Projects/GrowthNet/rivanna_pull/analysis/synthetic_lollipop_v1/masks/170_0_0_synthetic_lollipop.nii.gz,136.625,132.0,-4.625,0.0338517840805123,14,10.236218277374924,157,158,113,1889154759,/sfs/ceph/standard/gam_ai_group/people_scratch/ethan hirai/GrowthNet/analysis/synthetic_lollipop_v1/masks/170_0_0_synthetic_lollipop.nii.gz,True
170_1_176,/Users/kvothearcane/Personal/Coding Projects/GrowthNet/rivanna_pull/analysis/synthetic_lollipop_v1/masks/170_1_176_synthetic_lollipop.nii.gz,18.25,20.0,1.75,0.0958904109589041,14,5.452469010615243,144,122,22,3444457587,/sfs/ceph/standard/gam_ai_group/people_scratch/ethan hirai/GrowthNet/analysis/synthetic_lollipop_v1/masks/170_1_176_synthetic_lollipop.nii.gz,True
170_2_382,/Users/kvothearcane/Personal/Coding Projects/GrowthNet/rivanna_pull/analysis/synthetic_lollipop_v1/masks/170_2_382_synthetic_lollipop.nii.gz,78.5,78.0,-0.5,0.0063694267515923,7,8.78324590566933,163,68,143,1127152336,/sfs/ceph/standard/gam_ai_group/people_scratch/ethan hirai/GrowthNet/analysis/synthetic_lollipop_v1/masks/170_2_382_synthetic_lollipop.nii.gz,True
170_3_732,/Users/kvothearcane/Personal/Coding Projects/GrowthNet/rivanna_pull/analysis/synthetic_lollipop_v1/masks/170_3_732_synthetic_lollipop.nii.gz,69.25,69.0,-0.25,0.003610108303249,5,8.181662452854452,55,11,167,3791522086,/sfs/ceph/standard/gam_ai_group/people_scratch/ethan hirai/GrowthNet/analysis/synthetic_lollipop_v1/masks/170_3_732_synthetic_lollipop.nii.gz,True
190_1_150,/Users/kvothearcane/Personal/Coding Projects/GrowthNet/rivanna_pull/analysis/synthetic_lollipop_v1/masks/190_1_150_synthetic_lollipop.nii.gz,134.375,132.0,-2.375,0.0176744186046511,2,10.607468288032685,176,120,102,2652440872,/sfs/ceph/standard/gam_ai_group/people_scratch/ethan hirai/GrowthNet/analysis/synthetic_lollipop_v1/masks/190_1_150_synthetic_lollipop.nii.gz,True
190_2_1367,/Users/kvothearcane/Personal/Coding Projects/GrowthNet/rivanna_pull/analysis/synthetic_lollipop_v1/masks/190_2_1367_synthetic_lollipop.nii.gz,80.625,82.0,1.375,0.0170542635658914,5,8.607126938345456,123,179,99,3895211228,/sfs/ceph/standard/gam_ai_group/people_scratch/ethan hirai/GrowthNet/analysis/synthetic_lollipop_v1/masks/190_2_1367_synthetic_lollipop.nii.gz,True
199_0_0,/Users/kvothearcane/Personal/Coding Projects/GrowthNet/rivanna_pull/analysis/synthetic_lollipop_v1/masks/199_0_0_synthetic_lollipop.nii.gz,188.375,189.0,0.625,0.0033178500331785,5,11.42113821437497,61,81,28,4194234594,/sfs/ceph/standard/gam_ai_group/people_scratch/ethan hirai/GrowthNet/analysis/synthetic_lollipop_v1/masks/199_0_0_synthetic_lollipop.nii.gz,True
199_2_292,/Users/kvothearcane/Personal/Coding Projects/GrowthNet/rivanna_pull/analysis/synthetic_lollipop_v1/masks/199_2_292_synthetic_lollipop.nii.gz,304.25,301.0,-3.25,0.0106820049301561,7,11.946430231213014,163,158,154,2763722625,/sfs/ceph/standard/gam_ai_group/people_scratch/ethan hirai/GrowthNet/analysis/synthetic_lollipop_v1/masks/199_2_292_synthetic_lollipop.nii.gz,True
200_0_0,/Users/kvothearcane/Personal/Coding Projects/GrowthNet/rivanna_pull/analysis/synthetic_lollipop_v1/masks/200_0_0_synthetic_lollipop.nii.gz,301.75,307.0,5.25,0.0173985086992543,3,11.781819778725048,159,118,98,2883648466,/sfs/ceph/standard/gam_ai_group/people_scratch/ethan hirai/GrowthNet/analysis/synthetic_lollipop_v1/masks/200_0_0_synthetic_lollipop.nii.gz,True
200_1_45,/Users/kvothearcane/Personal/Coding Projects/GrowthNet/rivanna_pull/analysis/synthetic_lollipop_v1/masks/200_1_45_synthetic_lollipop.nii.gz,311.25,311.0,-0.25,0.0008032128514056,3,11.904186868507471,56,66,75,956691987,/sfs/ceph/standard/gam_ai_group/people_scratch/ethan hirai/GrowthNet/analysis/synthetic_lollipop_v1/masks/200_1_45_synthetic_lollipop.nii.gz,True
206_0_0,/Users/kvothearcane/Personal/Coding Projects/GrowthNet/rivanna_pull/analysis/synthetic_lollipop_v1/masks/206_0_0_synthetic_lollipop.nii.gz,160.375,160.0,-0.375,0.0023382696804364,4,10.397608376026083,3,123,127,1549907605,/sfs/ceph/standard/gam_ai_group/people_scratch/ethan hirai/GrowthNet/analysis/synthetic_lollipop_v1/masks/206_0_0_synthetic_lollipop.nii.gz,True
206_1_356,/Users/kvothearcane/Personal/Coding Projects/GrowthNet/rivanna_pull/analysis/synthetic_lollipop_v1/masks/206_1_356_synthetic_lollipop.nii.gz,435.875,424.0,-11.875,0.0272440493260682,6,12.25950873768948,108,120,118,2564729670,/sfs/ceph/standard/gam_ai_group/people_scratch/ethan hirai/GrowthNet/analysis/synthetic_lollipop_v1/masks/206_1_356_synthetic_lollipop.nii.gz,True
207_0_0,/Users/kvothearcane/Personal/Coding Projects/GrowthNet/rivanna_pull/analysis/synthetic_lollipop_v1/masks/207_0_0_synthetic_lollipop.nii.gz,46.25,47.0,0.75,0.0162162162162162,5,7.15163834849966,127,40,73,2765011292,/sfs/ceph/standard/gam_ai_group/people_scratch/ethan hirai/GrowthNet/analysis/synthetic_lollipop_v1/masks/207_0_0_synthetic_lollipop.nii.gz,True
207_1_291,/Users/kvothearcane/Personal/Coding Projects/GrowthNet/rivanna_pull/analysis/synthetic_lollipop_v1/masks/207_1_291_synthetic_lollipop.nii.gz,64.75,66.0,1.25,0.0193050193050193,5,8.000458738231831,93,29,32,2005515742,/sfs/ceph/standard/gam_ai_group/people_scratch/ethan hirai/GrowthNet/analysis/synthetic_lollipop_v1/masks/207_1_291_synthetic_lollipop.nii.gz,True
207_2_651,/Users/kvothearcane/Personal/Coding Projects/GrowthNet/rivanna_pull/analysis/synthetic_lollipop_v1/masks/207_2_651_synthetic_lollipop.nii.gz,116.125,114.0,-2.125,0.0182992465016146,5,9.72023745628528,79,44,145,3552799457,/sfs/ceph/standard/gam_ai_group/people_scratch/ethan hirai/GrowthNet/analysis/synthetic_lollipop_v1/masks/207_2_651_synthetic_lollipop.nii.gz,True
207_3_1194,/Users/kvothearcane/Personal/Coding Projects/GrowthNet/rivanna_pull/analysis/synthetic_lollipop_v1/masks/207_3_1194_synthetic_lollipop.nii.gz,91.125,92.0,0.875,0.0096021947873799,5,8.96563000918821,40,71,120,4050716211,/sfs/ceph/standard/gam_ai_group/people_scratch/ethan hirai/GrowthNet/analysis/synthetic_lollipop_v1/masks/207_3_1194_synthetic_lollipop.nii.gz,True
207_4_1986,/Users/kvothearcane/Personal/Coding Projects/GrowthNet/rivanna_pull/analysis/synthetic_lollipop_v1/masks/207_4_1986_synthetic_lollipop.nii.gz,59.75,65.0,5.25,0.0878661087866108,14,7.865806712131301,132,175,44,1140860080,/sfs/ceph/standard/gam_ai_group/people_scratch/ethan hirai/GrowthNet/analysis/synthetic_lollipop_v1/masks/207_4_1986_synthetic_lollipop.nii.gz,True
210_1_162,/Users/kvothearcane/Personal/Coding Projects/GrowthNet/rivanna_pull/analysis/synthetic_lollipop_v1/masks/210_1_162_synthetic_lollipop.nii.gz,368.375,374.0,5.625,0.01526976586359,6,12.873684330018593,22,84,36,2148499966,/sfs/ceph/standard/gam_ai_group/people_scratch/ethan hirai/GrowthNet/analysis/synthetic_lollipop_v1/masks/210_1_162_synthetic_lollipop.nii.gz,True
218_0_0,/Users/kvothearcane/Personal/Coding Projects/GrowthNet/rivanna_pull/analysis/synthetic_lollipop_v1/masks/218_0_0_synthetic_lollipop.nii.gz,92.875,92.0,-0.875,0.0094212651413189,6,9.200635340885098,34,23,136,3557568155,/sfs/ceph/standard/gam_ai_group/people_scratch/ethan hirai/GrowthNet/analysis/synthetic_lollipop_v1/masks/218_0_0_synthetic_lollipop.nii.gz,True
218_1_199,/Users/kvothearcane/Personal/Coding Projects/GrowthNet/rivanna_pull/analysis/synthetic_lollipop_v1/masks/218_1_199_synthetic_lollipop.nii.gz,188.875,193.0,4.125,0.0218398411647915,8,11.262119868574544,139,177,102,226839740,/sfs/ceph/standard/gam_ai_group/people_scratch/ethan hirai/GrowthNet/analysis/synthetic_lollipop_v1/masks/218_1_199_synthetic_lollipop.nii.gz,True
235_0_0,/Users/kvothearcane/Personal/Coding Projects/GrowthNet/rivanna_pull/analysis/synthetic_lollipop_v1/masks/235_0_0_synthetic_lollipop.nii.gz,8.875,9.0,0.125,0.0140845070422535,5,4.4504741377233525,32,110,69,1543045194,/sfs/ceph/standard/gam_ai_group/people_scratch/ethan hirai/GrowthNet/analysis/synthetic_lollipop_v1/masks/235_0_0_synthetic_lollipop.nii.gz,True
235_1_328,/Users/kvothearcane/Personal/Coding Projects/GrowthNet/rivanna_pull/analysis/synthetic_lollipop_v1/masks/235_1_328_synthetic_lollipop.nii.gz,174.25,175.0,0.75,0.0043041606886657,4,10.689207184768623,1,109,175,1639786603,/sfs/ceph/standard/gam_ai_group/people_scratch/ethan hirai/GrowthNet/analysis/synthetic_lollipop_v1/masks/235_1_328_synthetic_lollipop.nii.gz,True
235_3_552,/Users/kvothearcane/Personal/Coding Projects/GrowthNet/rivanna_pull/analysis/synthetic_lollipop_v1/masks/235_3_552_synthetic_lollipop.nii.gz,128.875,128.0,-0.875,0.0067895247332686,7,10.361470203582622,10,41,38,4000457383,/sfs/ceph/standard/gam_ai_group/people_scratch/ethan hirai/GrowthNet/analysis/synthetic_lollipop_v1/masks/235_3_552_synthetic_lollipop.nii.gz,True
270_0_0,/Users/kvothearcane/Personal/Coding Projects/GrowthNet/rivanna_pull/analysis/synthetic_lollipop_v1/masks/270_0_0_synthetic_lollipop.nii.gz,241.0,239.0,-2.0,0.0082987551867219,6,11.175796549009611,66,140,96,455914962,/sfs/ceph/standard/gam_ai_group/people_scratch/ethan hirai/GrowthNet/analysis/synthetic_lollipop_v1/masks/270_0_0_synthetic_lollipop.nii.gz,True
270_1_324,/Users/kvothearcane/Personal/Coding Projects/GrowthNet/rivanna_pull/analysis/synthetic_lollipop_v1/masks/270_1_324_synthetic_lollipop.nii.gz,103.125,104.0,0.875,0.0084848484848484,8,9.849884208883,39,47,54,3999048647,/sfs/ceph/standard/gam_ai_group/people_scratch/ethan hirai/GrowthNet/analysis/synthetic_lollipop_v1/masks/270_1_324_synthetic_lollipop.nii.gz,True
286_0_0,/Users/kvothearcane/Personal/Coding Projects/GrowthNet/rivanna_pull/analysis/synthetic_lollipop_v1/masks/286_0_0_synthetic_lollipop.nii.gz,776.625,776.0,-0.625,0.0008047642040882,6,12.704056005924986,51,170,75,1594060032,/sfs/ceph/standard/gam_ai_group/people_scratch/ethan hirai/GrowthNet/analysis/synthetic_lollipop_v1/masks/286_0_0_synthetic_lollipop.nii.gz,True
286_1_190,/Users/kvothearcane/Personal/Coding Projects/GrowthNet/rivanna_pull/analysis/synthetic_lollipop_v1/masks/286_1_190_synthetic_lollipop.nii.gz,1291.875,1304.0,12.125,0.0093855829704886,5,14.796882856057366,37,169,100,1888087558,/sfs/ceph/standard/gam_ai_group/people_scratch/ethan hirai/GrowthNet/analysis/synthetic_lollipop_v1/masks/286_1_190_synthetic_lollipop.nii.gz,True
286_2_297,/Users/kvothearcane/Personal/Coding Projects/GrowthNet/rivanna_pull/analysis/synthetic_lollipop_v1/masks/286_2_297_synthetic_lollipop.nii.gz,1576.75,1565.0,-11.75,0.007452037418741,6,17.179631379880494,111,136,14,1876764067,/sfs/ceph/standard/gam_ai_group/people_scratch/ethan hirai/GrowthNet/analysis/synthetic_lollipop_v1/masks/286_2_297_synthetic_lollipop.nii.gz,True
301_0_0,/Users/kvothearcane/Personal/Coding Projects/GrowthNet/rivanna_pull/analysis/synthetic_lollipop_v1/masks/301_0_0_synthetic_lollipop.nii.gz,12.25,12.0,-0.25,0.0204081632653061,2,4.774020496241064,131,14,174,1414063025,/sfs/ceph/standard/gam_ai_group/people_scratch/ethan hirai/GrowthNet/analysis/synthetic_lollipop_v1/masks/301_0_0_synthetic_lollipop.nii.gz,True
301_1_229,/Users/kvothearcane/Personal/Coding Projects/GrowthNet/rivanna_pull/analysis/synthetic_lollipop_v1/masks/301_1_229_synthetic_lollipop.nii.gz,15.125,14.0,-1.125,0.0743801652892562,14,4.927198889917728,113,164,118,3102377789,/sfs/ceph/standard/gam_ai_group/people_scratch/ethan hirai/GrowthNet/analysis/synthetic_lollipop_v1/masks/301_1_229_synthetic_lollipop.nii.gz,True
301_2_614,/Users/kvothearcane/Personal/Coding Projects/GrowthNet/rivanna_pull/analysis/synthetic_lollipop_v1/masks/301_2_614_synthetic_lollipop.nii.gz,12.625,13.0,0.375,0.0297029702970297,6,4.913756828946774,139,129,9,1555706154,/sfs/ceph/standard/gam_ai_group/people_scratch/ethan hirai/GrowthNet/analysis/synthetic_lollipop_v1/masks/301_2_614_synthetic_lollipop.nii.gz,True
304_0_0,/Users/kvothearcane/Personal/Coding Projects/GrowthNet/rivanna_pull/analysis/synthetic_lollipop_v1/masks/304_0_0_synthetic_lollipop.nii.gz,531.375,547.0,15.625,0.0294048459186073,5,12.525855401831144,70,75,96,2887006316,/sfs/ceph/standard/gam_ai_group/people_scratch/ethan hirai/GrowthNet/analysis/synthetic_lollipop_v1/masks/304_0_0_synthetic_lollipop.nii.gz,True
304_1_206,/Users/kvothearcane/Personal/Coding Projects/GrowthNet/rivanna_pull/analysis/synthetic_lollipop_v1/masks/304_1_206_synthetic_lollipop.nii.gz,643.875,648.0,4.125,0.0064065230052417,5,12.542831323271926,74,171,51,754281210,/sfs/ceph/standard/gam_ai_group/people_scratch/ethan hirai/GrowthNet/analysis/synthetic_lollipop_v1/masks/304_1_206_synthetic_lollipop.nii.gz,True
309_1_177,/Users/kvothearcane/Personal/Coding Projects/GrowthNet/rivanna_pull/analysis/synthetic_lollipop_v1/masks/309_1_177_synthetic_lollipop.nii.gz,42.75,43.0,0.25,0.0058479532163742,6,7.378734849105811,124,9,45,886874916,/sfs/ceph/standard/gam_ai_group/people_scratch/ethan hirai/GrowthNet/analysis/synthetic_lollipop_v1/masks/309_1_177_synthetic_lollipop.nii.gz,True
309_2_546,/Users/kvothearcane/Personal/Coding Projects/GrowthNet/rivanna_pull/analysis/synthetic_lollipop_v1/masks/309_2_546_synthetic_lollipop.nii.gz,155.875,159.0,3.125,0.0200481154771451,9,10.696005938971403,122,45,132,2286133648,/sfs/ceph/standard/gam_ai_group/people_scratch/ethan hirai/GrowthNet/analysis/synthetic_lollipop_v1/masks/309_2_546_synthetic_lollipop.nii.gz,True
309_3_917,/Users/kvothearcane/Personal/Coding Projects/GrowthNet/rivanna_pull/analysis/synthetic_lollipop_v1/masks/309_3_917_synthetic_lollipop.nii.gz,46.125,46.0,-0.125,0.002710027100271,7,7.356602370021035,87,2,174,1548365168,/sfs/ceph/standard/gam_ai_group/people_scratch/ethan hirai/GrowthNet/analysis/synthetic_lollipop_v1/masks/309_3_917_synthetic_lollipop.nii.gz,True
320_1_183,/Users/kvothearcane/Personal/Coding Projects/GrowthNet/rivanna_pull/analysis/synthetic_lollipop_v1/masks/320_1_183_synthetic_lollipop.nii.gz,310.25,322.0,11.75,0.0378726833199033,14,12.789346856380709,160,58,71,128621632,/sfs/ceph/standard/gam_ai_group/people_scratch/ethan hirai/GrowthNet/analysis/synthetic_lollipop_v1/masks/320_1_183_synthetic_lollipop.nii.gz,True
320_2_225,/Users/kvothearcane/Personal/Coding Projects/GrowthNet/rivanna_pull/analysis/synthetic_lollipop_v1/masks/320_2_225_synthetic_lollipop.nii.gz,438.25,439.0,0.75,0.0017113519680547,6,13.043984840738734,24,126,12,2077599895,/sfs/ceph/standard/gam_ai_group/people_scratch/ethan hirai/GrowthNet/analysis/synthetic_lollipop_v1/masks/320_2_225_synthetic_lollipop.nii.gz,True
333_1_279,/Users/kvothearcane/Personal/Coding Projects/GrowthNet/rivanna_pull/analysis/synthetic_lollipop_v1/masks/333_1_279_synthetic_lollipop.nii.gz,1082.375,1063.0,-19.375,0.0179004503984293,6,14.19050534769589,98,19,111,1234333548,/sfs/ceph/standard/gam_ai_group/people_scratch/ethan hirai/GrowthNet/analysis/synthetic_lollipop_v1/masks/333_1_279_synthetic_lollipop.nii.gz,True
339_1_248,/Users/kvothearcane/Personal/Coding Projects/GrowthNet/rivanna_pull/analysis/synthetic_lollipop_v1/masks/339_1_248_synthetic_lollipop.nii.gz,1316.75,1317.0,0.25,0.0001898614011771,4,15.405987854275867,94,11,170,1554308271,/sfs/ceph/standard/gam_ai_group/people_scratch/ethan hirai/GrowthNet/analysis/synthetic_lollipop_v1/masks/339_1_248_synthetic_lollipop.nii.gz,True
339_2_430,/Users/kvothearcane/Personal/Coding Projects/GrowthNet/rivanna_pull/analysis/synthetic_lollipop_v1/masks/339_2_430_synthetic_lollipop.nii.gz,1121.625,1131.0,9.375,0.0083584085590103,5,15.0919128220683,173,163,14,188358627,/sfs/ceph/standard/gam_ai_group/people_scratch/ethan hirai/GrowthNet/analysis/synthetic_lollipop_v1/masks/339_2_430_synthetic_lollipop.nii.gz,True
385_0_0,/Users/kvothearcane/Personal/Coding Projects/GrowthNet/rivanna_pull/analysis/synthetic_lollipop_v1/masks/385_0_0_synthetic_lollipop.nii.gz,371.875,363.0,-8.875,0.0238655462184873,7,13.338248432720016,103,146,122,1369694009,/sfs/ceph/standard/gam_ai_group/people_scratch/ethan hirai/GrowthNet/analysis/synthetic_lollipop_v1/masks/385_0_0_synthetic_lollipop.nii.gz,True
385_1_476,/Users/kvothearcane/Personal/Coding Projects/GrowthNet/rivanna_pull/analysis/synthetic_lollipop_v1/masks/385_1_476_synthetic_lollipop.nii.gz,197.875,203.0,5.125,0.0259001895135818,5,11.609992559681858,4,70,127,1093908064,/sfs/ceph/standard/gam_ai_group/people_scratch/ethan hirai/GrowthNet/analysis/synthetic_lollipop_v1/masks/385_1_476_synthetic_lollipop.nii.gz,True
395_0_0,/Users/kvothearcane/Personal/Coding Projects/GrowthNet/rivanna_pull/analysis/synthetic_lollipop_v1/masks/395_0_0_synthetic_lollipop.nii.gz,46.875,47.0,0.125,0.0026666666666666,5,7.75051547932818,162,15,22,3902509825,/sfs/ceph/standard/gam_ai_group/people_scratch/ethan hirai/GrowthNet/analysis/synthetic_lollipop_v1/masks/395_0_0_synthetic_lollipop.nii.gz,True
395_1_1985,/Users/kvothearcane/Personal/Coding Projects/GrowthNet/rivanna_pull/analysis/synthetic_lollipop_v1/masks/395_1_1985_synthetic_lollipop.nii.gz,53.375,53.0,-0.375,0.0070257611241217,5,8.093371152310528,42,85,22,2581720800,/sfs/ceph/standard/gam_ai_group/people_scratch/ethan hirai/GrowthNet/analysis/synthetic_lollipop_v1/masks/395_1_1985_synthetic_lollipop.nii.gz,True
418_1_1056,/Users/kvothearcane/Personal/Coding Projects/GrowthNet/rivanna_pull/analysis/synthetic_lollipop_v1/masks/418_1_1056_synthetic_lollipop.nii.gz,173.625,169.0,-4.625,0.0266378689704823,12,11.5636734250186,80,149,75,3527435489,/sfs/ceph/standard/gam_ai_group/people_scratch/ethan hirai/GrowthNet/analysis/synthetic_lollipop_v1/masks/418_1_1056_synthetic_lollipop.nii.gz,True
418_2_1238,/Users/kvothearcane/Personal/Coding Projects/GrowthNet/rivanna_pull/analysis/synthetic_lollipop_v1/masks/418_2_1238_synthetic_lollipop.nii.gz,245.125,249.0,3.875,0.0158082610912799,8,12.038554722728971,73,87,14,2686776210,/sfs/ceph/standard/gam_ai_group/people_scratch/ethan hirai/GrowthNet/analysis/synthetic_lollipop_v1/masks/418_2_1238_synthetic_lollipop.nii.gz,True
418_3_1428,/Users/kvothearcane/Personal/Coding Projects/GrowthNet/rivanna_pull/analysis/synthetic_lollipop_v1/masks/418_3_1428_synthetic_lollipop.nii.gz,270.5,270.0,-0.5,0.0018484288354898,5,12.885186886848444,168,95,127,3999723469,/sfs/ceph/standard/gam_ai_group/people_scratch/ethan hirai/GrowthNet/analysis/synthetic_lollipop_v1/masks/418_3_1428_synthetic_lollipop.nii.gz,True
421_1_264,/Users/kvothearcane/Personal/Coding Projects/GrowthNet/rivanna_pull/analysis/synthetic_lollipop_v1/masks/421_1_264_synthetic_lollipop.nii.gz,12.75,13.0,0.25,0.0196078431372549,2,4.838108955711211,114,109,41,460279219,/sfs/ceph/standard/gam_ai_group/people_scratch/ethan hirai/GrowthNet/analysis/synthetic_lollipop_v1/masks/421_1_264_synthetic_lollipop.nii.gz,True
421_2_1633,/Users/kvothearcane/Personal/Coding Projects/GrowthNet/rivanna_pull/analysis/synthetic_lollipop_v1/masks/421_2_1633_synthetic_lollipop.nii.gz,16.125,14.0,-2.125,0.1317829457364341,14,5.2630806029813755,124,71,132,1917487509,/sfs/ceph/standard/gam_ai_group/people_scratch/ethan hirai/GrowthNet/analysis/synthetic_lollipop_v1/masks/421_2_1633_synthetic_lollipop.nii.gz,True
421_4_3550,/Users/kvothearcane/Personal/Coding Projects/GrowthNet/rivanna_pull/analysis/synthetic_lollipop_v1/masks/421_4_3550_synthetic_lollipop.nii.gz,32.25,32.0,-0.25,0.0077519379844961,2,6.591974054089978,8,34,166,3857380014,/sfs/ceph/standard/gam_ai_group/people_scratch/ethan hirai/GrowthNet/analysis/synthetic_lollipop_v1/masks/421_4_3550_synthetic_lollipop.nii.gz,True
424_4_2863,/Users/kvothearcane/Personal/Coding Projects/GrowthNet/rivanna_pull/analysis/synthetic_lollipop_v1/masks/424_4_2863_synthetic_lollipop.nii.gz,198.25,202.0,3.75,0.0189155107187894,6,10.92985258255671,1,162,87,959152520,/sfs/ceph/standard/gam_ai_group/people_scratch/ethan hirai/GrowthNet/analysis/synthetic_lollipop_v1/masks/424_4_2863_synthetic_lollipop.nii.gz,True
424_5_4003,/Users/kvothearcane/Personal/Coding Projects/GrowthNet/rivanna_pull/analysis/synthetic_lollipop_v1/masks/424_5_4003_synthetic_lollipop.nii.gz,166.625,164.0,-2.625,0.0157539384846211,4,10.530959764430907,25,166,59,1577670876,/sfs/ceph/standard/gam_ai_group/people_scratch/ethan hirai/GrowthNet/analysis/synthetic_lollipop_v1/masks/424_5_4003_synthetic_lollipop.nii.gz,True
424_6_4194,/Users/kvothearcane/Personal/Coding Projects/GrowthNet/rivanna_pull/analysis/synthetic_lollipop_v1/masks/424_6_4194_synthetic_lollipop.nii.gz,187.375,185.0,-2.375,0.0126751167444963,6,10.72623039078261,51,94,80,2299916010,/sfs/ceph/standard/gam_ai_group/people_scratch/ethan hirai/GrowthNet/analysis/synthetic_lollipop_v1/masks/424_6_4194_synthetic_lollipop.nii.gz,True
434_0_0,/Users/kvothearcane/Personal/Coding Projects/GrowthNet/rivanna_pull/analysis/synthetic_lollipop_v1/masks/434_0_0_synthetic_lollipop.nii.gz,107.75,106.0,-1.75,0.0162412993039443,2,9.854728773825215,132,107,60,441912202,/sfs/ceph/standard/gam_ai_group/people_scratch/ethan hirai/GrowthNet/analysis/synthetic_lollipop_v1/masks/434_0_0_synthetic_lollipop.nii.gz,True
434_1_160,/Users/kvothearcane/Personal/Coding Projects/GrowthNet/rivanna_pull/analysis/synthetic_lollipop_v1/masks/434_1_160_synthetic_lollipop.nii.gz,270.375,278.0,7.625,0.0282015718908922,4,12.374948782237317,96,103,166,2143146390,/sfs/ceph/standard/gam_ai_group/people_scratch/ethan hirai/GrowthNet/analysis/synthetic_lollipop_v1/masks/434_1_160_synthetic_lollipop.nii.gz,True
437_0_0,/Users/kvothearcane/Personal/Coding Projects/GrowthNet/rivanna_pull/analysis/synthetic_lollipop_v1/masks/437_0_0_synthetic_lollipop.nii.gz,1239.25,1258.0,18.75,0.0151301190236029,6,14.845389156559218,121,114,133,3794507200,/sfs/ceph/standard/gam_ai_group/people_scratch/ethan hirai/GrowthNet/analysis/synthetic_lollipop_v1/masks/437_0_0_synthetic_lollipop.nii.gz,True
439_0_0,/Users/kvothearcane/Personal/Coding Projects/GrowthNet/rivanna_pull/analysis/synthetic_lollipop_v1/masks/439_0_0_synthetic_lollipop.nii.gz,7.75,8.0,0.25,0.032258064516129,14,3.94277686542943,126,178,168,3290377460,/sfs/ceph/standard/gam_ai_group/people_scratch/ethan hirai/GrowthNet/analysis/synthetic_lollipop_v1/masks/439_0_0_synthetic_lollipop.nii.gz,True
439_1_12,/Users/kvothearcane/Personal/Coding Projects/GrowthNet/rivanna_pull/analysis/synthetic_lollipop_v1/masks/439_1_12_synthetic_lollipop.nii.gz,30.125,31.0,0.875,0.0290456431535269,8,6.229890028137356,68,137,136,3353760849,/sfs/ceph/standard/gam_ai_group/people_scratch/ethan hirai/GrowthNet/analysis/synthetic_lollipop_v1/masks/439_1_12_synthetic_lollipop.nii.gz,True
439_2_209,/Users/kvothearcane/Personal/Coding Projects/GrowthNet/rivanna_pull/analysis/synthetic_lollipop_v1/masks/439_2_209_synthetic_lollipop.nii.gz,67.125,69.0,1.875,0.0279329608938547,6,7.93738551917181,112,28,165,3561007785,/sfs/ceph/standard/gam_ai_group/people_scratch/ethan hirai/GrowthNet/analysis/synthetic_lollipop_v1/masks/439_2_209_synthetic_lollipop.nii.gz,True
439_3_437,/Users/kvothearcane/Personal/Coding Projects/GrowthNet/rivanna_pull/analysis/synthetic_lollipop_v1/masks/439_3_437_synthetic_lollipop.nii.gz,62.625,66.0,3.375,0.0538922155688622,14,8.224095837338766,125,113,14,545378034,/sfs/ceph/standard/gam_ai_group/people_scratch/ethan hirai/GrowthNet/analysis/synthetic_lollipop_v1/masks/439_3_437_synthetic_lollipop.nii.gz,True
439_4_489,/Users/kvothearcane/Personal/Coding Projects/GrowthNet/rivanna_pull/analysis/synthetic_lollipop_v1/masks/439_4_489_synthetic_lollipop.nii.gz,129.875,130.0,0.125,0.0009624639076034,6,10.288689542983729,174,79,69,1326645806,/sfs/ceph/standard/gam_ai_group/people_scratch/ethan hirai/GrowthNet/analysis/synthetic_lollipop_v1/masks/439_4_489_synthetic_lollipop.nii.gz,True
442_1_282,/Users/kvothearcane/Personal/Coding Projects/GrowthNet/rivanna_pull/analysis/synthetic_lollipop_v1/masks/442_1_282_synthetic_lollipop.nii.gz,114.375,115.0,0.625,0.0054644808743169,5,10.434232991559256,43,74,61,2025441070,/sfs/ceph/standard/gam_ai_group/people_scratch/ethan hirai/GrowthNet/analysis/synthetic_lollipop_v1/masks/442_1_282_synthetic_lollipop.nii.gz,True
442_2_702,/Users/kvothearcane/Personal/Coding Projects/GrowthNet/rivanna_pull/analysis/synthetic_lollipop_v1/masks/442_2_702_synthetic_lollipop.nii.gz,126.875,129.0,2.125,0.0167487684729064,6,10.208851683312146,54,31,139,3851672397,/sfs/ceph/standard/gam_ai_group/people_scratch/ethan hirai/GrowthNet/analysis/synthetic_lollipop_v1/masks/442_2_702_synthetic_lollipop.nii.gz,True
442_5_1272,/Users/kvothearcane/Personal/Coding Projects/GrowthNet/rivanna_pull/analysis/synthetic_lollipop_v1/masks/442_5_1272_synthetic_lollipop.nii.gz,693.625,694.0,0.375,0.0005406379527842,3,13.273609877703748,172,0,65,3323533925,/sfs/ceph/standard/gam_ai_group/people_scratch/ethan hirai/GrowthNet/analysis/synthetic_lollipop_v1/masks/442_5_1272_synthetic_lollipop.nii.gz,True
442_6_1447,/Users/kvothearcane/Personal/Coding Projects/GrowthNet/rivanna_pull/analysis/synthetic_lollipop_v1/masks/442_6_1447_synthetic_lollipop.nii.gz,551.5,564.0,12.5,0.0226654578422484,5,12.682032452281469,90,18,76,1130009157,/sfs/ceph/standard/gam_ai_group/people_scratch/ethan hirai/GrowthNet/analysis/synthetic_lollipop_v1/masks/442_6_1447_synthetic_lollipop.nii.gz,True
478_0_0,/Users/kvothearcane/Personal/Coding Projects/GrowthNet/rivanna_pull/analysis/synthetic_lollipop_v1/masks/478_0_0_synthetic_lollipop.nii.gz,248.375,247.0,-1.375,0.0055359838953195,5,11.535690371245758,104,99,78,1152098419,/sfs/ceph/standard/gam_ai_group/people_scratch/ethan hirai/GrowthNet/analysis/synthetic_lollipop_v1/masks/478_0_0_synthetic_lollipop.nii.gz,True
478_1_378,/Users/kvothearcane/Personal/Coding Projects/GrowthNet/rivanna_pull/analysis/synthetic_lollipop_v1/masks/478_1_378_synthetic_lollipop.nii.gz,312.625,323.0,10.375,0.033186725309876,14,12.35512413069258,111,159,86,107516134,/sfs/ceph/standard/gam_ai_group/people_scratch/ethan hirai/GrowthNet/analysis/synthetic_lollipop_v1/masks/478_1_378_synthetic_lollipop.nii.gz,True
478_2_486,/Users/kvothearcane/Personal/Coding Projects/GrowthNet/rivanna_pull/analysis/synthetic_lollipop_v1/masks/478_2_486_synthetic_lollipop.nii.gz,540.625,549.0,8.375,0.0154913294797687,6,12.789407052291594,90,21,72,2266329872,/sfs/ceph/standard/gam_ai_group/people_scratch/ethan hirai/GrowthNet/analysis/synthetic_lollipop_v1/masks/478_2_486_synthetic_lollipop.nii.gz,True
483_2_812,/Users/kvothearcane/Personal/Coding Projects/GrowthNet/rivanna_pull/analysis/synthetic_lollipop_v1/masks/483_2_812_synthetic_lollipop.nii.gz,60.0,65.0,5.0,0.0833333333333333,14,8.559493341127617,139,87,153,3465805677,/sfs/ceph/standard/gam_ai_group/people_scratch/ethan hirai/GrowthNet/analysis/synthetic_lollipop_v1/masks/483_2_812_synthetic_lollipop.nii.gz,True
483_3_1995,/Users/kvothearcane/Personal/Coding Projects/GrowthNet/rivanna_pull/analysis/synthetic_lollipop_v1/masks/483_3_1995_synthetic_lollipop.nii.gz,68.875,70.0,1.125,0.0163339382940108,6,8.327962223956678,163,91,76,1602091674,/sfs/ceph/standard/gam_ai_group/people_scratch/ethan hirai/GrowthNet/analysis/synthetic_lollipop_v1/masks/483_3_1995_synthetic_lollipop.nii.gz,True
492_1_391,/Users/kvothearcane/Personal/Coding Projects/GrowthNet/rivanna_pull/analysis/synthetic_lollipop_v1/masks/492_1_391_synthetic_lollipop.nii.gz,8.5,9.0,0.5,0.0588235294117647,14,4.22647746997505,2,175,31,3274222220,/sfs/ceph/standard/gam_ai_group/people_scratch/ethan hirai/GrowthNet/analysis/synthetic_lollipop_v1/masks/492_1_391_synthetic_lollipop.nii.gz,True
492_2_757,/Users/kvothearcane/Personal/Coding Projects/GrowthNet/rivanna_pull/analysis/synthetic_lollipop_v1/masks/492_2_757_synthetic_lollipop.nii.gz,43.375,44.0,0.625,0.0144092219020172,8,7.172874104571948,148,51,126,1922591946,/sfs/ceph/standard/gam_ai_group/people_scratch/ethan hirai/GrowthNet/analysis/synthetic_lollipop_v1/masks/492_2_757_synthetic_lollipop.nii.gz,True
493_1_262,/Users/kvothearcane/Personal/Coding Projects/GrowthNet/rivanna_pull/analysis/synthetic_lollipop_v1/masks/493_1_262_synthetic_lollipop.nii.gz,338.25,337.0,-1.25,0.0036954915003695,3,12.238904633479107,122,116,176,1676857237,/sfs/ceph/standard/gam_ai_group/people_scratch/ethan hirai/GrowthNet/analysis/synthetic_lollipop_v1/masks/493_1_262_synthetic_lollipop.nii.gz,True
493_2_537,/Users/kvothearcane/Personal/Coding Projects/GrowthNet/rivanna_pull/analysis/synthetic_lollipop_v1/masks/493_2_537_synthetic_lollipop.nii.gz,350.375,342.0,-8.375,0.0239029611130931,5,11.564451673064024,86,0,113,4108363757,/sfs/ceph/standard/gam_ai_group/people_scratch/ethan hirai/GrowthNet/analysis/synthetic_lollipop_v1/masks/493_2_537_synthetic_lollipop.nii.gz,True
495_0_0,/Users/kvothearcane/Personal/Coding Projects/GrowthNet/rivanna_pull/analysis/synthetic_lollipop_v1/masks/495_0_0_synthetic_lollipop.nii.gz,2098.25,2107.0,8.75,0.0041701417848206,6,17.693932034298726,23,172,137,770784061,/sfs/ceph/standard/gam_ai_group/people_scratch/ethan hirai/GrowthNet/analysis/synthetic_lollipop_v1/masks/495_0_0_synthetic_lollipop.nii.gz,True
500_1_346,/Users/kvothearcane/Personal/Coding Projects/GrowthNet/rivanna_pull/analysis/synthetic_lollipop_v1/masks/500_1_346_synthetic_lollipop.nii.gz,64.375,66.0,1.625,0.0252427184466019,6,7.827476798018472,123,10,51,440573397,/sfs/ceph/standard/gam_ai_group/people_scratch/ethan hirai/GrowthNet/analysis/synthetic_lollipop_v1/masks/500_1_346_synthetic_lollipop.nii.gz,True
502_0_0,/Users/kvothearcane/Personal/Coding Projects/GrowthNet/rivanna_pull/analysis/synthetic_lollipop_v1/masks/502_0_0_synthetic_lollipop.nii.gz,2710.25,2757.0,46.75,0.0172493312425053,6,20.57924063741283,117,108,31,3217142937,/sfs/ceph/standard/gam_ai_group/people_scratch/ethan hirai/GrowthNet/analysis/synthetic_lollipop_v1/masks/502_0_0_synthetic_lollipop.nii.gz,True
502_1_71,/Users/kvothearcane/Personal/Coding Projects/GrowthNet/rivanna_pull/analysis/synthetic_lollipop_v1/masks/502_1_71_synthetic_lollipop.nii.gz,2183.25,2221.0,37.75,0.0172907362876445,4,18.234321104205048,38,124,109,466105696,/sfs/ceph/standard/gam_ai_group/people_scratch/ethan hirai/GrowthNet/analysis/synthetic_lollipop_v1/masks/502_1_71_synthetic_lollipop.nii.gz,True
502_2_314,/Users/kvothearcane/Personal/Coding Projects/GrowthNet/rivanna_pull/analysis/synthetic_lollipop_v1/masks/502_2_314_synthetic_lollipop.nii.gz,974.25,956.0,-18.25,0.018732358224275,5,13.46853034502014,46,140,117,45049270,/sfs/ceph/standard/gam_ai_group/people_scratch/ethan hirai/GrowthNet/analysis/synthetic_lollipop_v1/masks/502_2_314_synthetic_lollipop.nii.gz,True
508_0_0,/Users/kvothearcane/Personal/Coding Projects/GrowthNet/rivanna_pull/analysis/synthetic_lollipop_v1/masks/508_0_0_synthetic_lollipop.nii.gz,35.875,36.0,0.125,0.0034843205574912,2,6.830244017446969,175,115,76,2687313736,/sfs/ceph/standard/gam_ai_group/people_scratch/ethan hirai/GrowthNet/analysis/synthetic_lollipop_v1/masks/508_0_0_synthetic_lollipop.nii.gz,True
508_1_260,/Users/kvothearcane/Personal/Coding Projects/GrowthNet/rivanna_pull/analysis/synthetic_lollipop_v1/masks/508_1_260_synthetic_lollipop.nii.gz,22.125,22.0,-0.125,0.0056497175141242,9,5.882843698921165,160,35,109,3531318242,/sfs/ceph/standard/gam_ai_group/people_scratch/ethan hirai/GrowthNet/analysis/synthetic_lollipop_v1/masks/508_1_260_synthetic_lollipop.nii.gz,True
521_1_93,/Users/kvothearcane/Personal/Coding Projects/GrowthNet/rivanna_pull/analysis/synthetic_lollipop_v1/masks/521_1_93_synthetic_lollipop.nii.gz,50.625,51.0,0.375,0.0074074074074074,5,7.951917026397957,77,145,165,3408504933,/sfs/ceph/standard/gam_ai_group/people_scratch/ethan hirai/GrowthNet/analysis/synthetic_lollipop_v1/masks/521_1_93_synthetic_lollipop.nii.gz,True
521_2_457,/Users/kvothearcane/Personal/Coding Projects/GrowthNet/rivanna_pull/analysis/synthetic_lollipop_v1/masks/521_2_457_synthetic_lollipop.nii.gz,64.875,70.0,5.125,0.0789980732177264,14,8.321431450540654,90,133,85,1770679524,/sfs/ceph/standard/gam_ai_group/people_scratch/ethan hirai/GrowthNet/analysis/synthetic_lollipop_v1/masks/521_2_457_synthetic_lollipop.nii.gz,True
525_0_0,/Users/kvothearcane/Personal/Coding Projects/GrowthNet/rivanna_pull/analysis/synthetic_lollipop_v1/masks/525_0_0_synthetic_lollipop.nii.gz,2585.375,2587.0,1.625,0.0006285355122564,5,19.93591818044694,155,53,177,131537080,/sfs/ceph/standard/gam_ai_group/people_scratch/ethan hirai/GrowthNet/analysis/synthetic_lollipop_v1/masks/525_0_0_synthetic_lollipop.nii.gz,True
525_1_371,/Users/kvothearcane/Personal/Coding Projects/GrowthNet/rivanna_pull/analysis/synthetic_lollipop_v1/masks/525_1_371_synthetic_lollipop.nii.gz,3428.75,3472.0,43.25,0.0126139263580021,5,21.903171372396983,43,33,76,2663992477,/sfs/ceph/standard/gam_ai_group/people_scratch/ethan hirai/GrowthNet/analysis/synthetic_lollipop_v1/masks/525_1_371_synthetic_lollipop.nii.gz,True
525_3_465,/Users/kvothearcane/Personal/Coding Projects/GrowthNet/rivanna_pull/analysis/synthetic_lollipop_v1/masks/525_3_465_synthetic_lollipop.nii.gz,3106.25,3123.0,16.75,0.0053923541247484,3,21.87893973212533,68,110,46,3058862796,/sfs/ceph/standard/gam_ai_group/people_scratch/ethan hirai/GrowthNet/analysis/synthetic_lollipop_v1/masks/525_3_465_synthetic_lollipop.nii.gz,True
527_0_0,/Users/kvothearcane/Personal/Coding Projects/GrowthNet/rivanna_pull/analysis/synthetic_lollipop_v1/masks/527_0_0_synthetic_lollipop.nii.gz,196.625,200.0,3.375,0.0171646535282898,8,10.728511122844242,82,167,13,2668684920,/sfs/ceph/standard/gam_ai_group/people_scratch/ethan hirai/GrowthNet/analysis/synthetic_lollipop_v1/masks/527_0_0_synthetic_lollipop.nii.gz,True
527_1_267,/Users/kvothearcane/Personal/Coding Projects/GrowthNet/rivanna_pull/analysis/synthetic_lollipop_v1/masks/527_1_267_synthetic_lollipop.nii.gz,479.375,490.0,10.625,0.0221642764015645,6,13.439860808571073,108,171,76,439510113,/sfs/ceph/standard/gam_ai_group/people_scratch/ethan hirai/GrowthNet/analysis/synthetic_lollipop_v1/masks/527_1_267_synthetic_lollipop.nii.gz,True
527_2_591,/Users/kvothearcane/Personal/Coding Projects/GrowthNet/rivanna_pull/analysis/synthetic_lollipop_v1/masks/527_2_591_synthetic_lollipop.nii.gz,2425.75,2360.0,-65.75,0.0271050190662681,4,18.885875489305803,113,141,64,1277144720,/sfs/ceph/standard/gam_ai_group/people_scratch/ethan hirai/GrowthNet/analysis/synthetic_lollipop_v1/masks/527_2_591_synthetic_lollipop.nii.gz,True
527_3_625,/Users/kvothearcane/Personal/Coding Projects/GrowthNet/rivanna_pull/analysis/synthetic_lollipop_v1/masks/527_3_625_synthetic_lollipop.nii.gz,2835.25,2842.0,6.75,0.0023807424389383,6,20.22619418825865,9,55,45,2658358932,/sfs/ceph/standard/gam_ai_group/people_scratch/ethan hirai/GrowthNet/analysis/synthetic_lollipop_v1/masks/527_3_625_synthetic_lollipop.nii.gz,True
528_0_0,/Users/kvothearcane/Personal/Coding Projects/GrowthNet/rivanna_pull/analysis/synthetic_lollipop_v1/masks/528_0_0_synthetic_lollipop.nii.gz,42.5,43.0,0.5,0.0117647058823529,2,7.227174812828313,55,116,113,250426259,/sfs/ceph/standard/gam_ai_group/people_scratch/ethan hirai/GrowthNet/analysis/synthetic_lollipop_v1/masks/528_0_0_synthetic_lollipop.nii.gz,True
528_1_488,/Users/kvothearcane/Personal/Coding Projects/GrowthNet/rivanna_pull/analysis/synthetic_lollipop_v1/masks/528_1_488_synthetic_lollipop.nii.gz,25.125,25.0,-0.125,0.0049751243781094,7,5.892948655301977,71,158,120,194248108,/sfs/ceph/standard/gam_ai_group/people_scratch/ethan hirai/GrowthNet/analysis/synthetic_lollipop_v1/masks/528_1_488_synthetic_lollipop.nii.gz,True
528_2_838,/Users/kvothearcane/Personal/Coding Projects/GrowthNet/rivanna_pull/analysis/synthetic_lollipop_v1/masks/528_2_838_synthetic_lollipop.nii.gz,41.75,41.0,-0.75,0.0179640718562874,8,7.218493678630054,85,157,72,660888327,/sfs/ceph/standard/gam_ai_group/people_scratch/ethan hirai/GrowthNet/analysis/synthetic_lollipop_v1/masks/528_2_838_synthetic_lollipop.nii.gz,True
528_3_1394,/Users/kvothearcane/Personal/Coding Projects/GrowthNet/rivanna_pull/analysis/synthetic_lollipop_v1/masks/528_3_1394_synthetic_lollipop.nii.gz,81.625,87.0,5.375,0.0658499234303215,14,8.87697337244939,82,38,105,873848964,/sfs/ceph/standard/gam_ai_group/people_scratch/ethan hirai/GrowthNet/analysis/synthetic_lollipop_v1/masks/528_3_1394_synthetic_lollipop.nii.gz,True
528_4_1772,/Users/kvothearcane/Personal/Coding Projects/GrowthNet/rivanna_pull/analysis/synthetic_lollipop_v1/masks/528_4_1772_synthetic_lollipop.nii.gz,49.875,49.0,-0.875,0.0175438596491228,2,7.623128125513253,115,78,105,1770365455,/sfs/ceph/standard/gam_ai_group/people_scratch/ethan hirai/GrowthNet/analysis/synthetic_lollipop_v1/masks/528_4_1772_synthetic_lollipop.nii.gz,True
532_0_0,/Users/kvothearcane/Personal/Coding Projects/GrowthNet/rivanna_pull/analysis/synthetic_lollipop_v1/masks/532_0_0_synthetic_lollipop.nii.gz,1005.0,1019.0,14.0,0.0139303482587064,6,14.31437553709486,19,73,29,3424991841,/sfs/ceph/standard/gam_ai_group/people_scratch/ethan hirai/GrowthNet/analysis/synthetic_lollipop_v1/masks/532_0_0_synthetic_lollipop.nii.gz,True
532_1_355,/Users/kvothearcane/Personal/Coding Projects/GrowthNet/rivanna_pull/analysis/synthetic_lollipop_v1/masks/532_1_355_synthetic_lollipop.nii.gz,1585.25,1606.0,20.75,0.0130894180728591,6,16.662863632145864,47,58,159,3583578941,/sfs/ceph/standard/gam_ai_group/people_scratch/ethan hirai/GrowthNet/analysis/synthetic_lollipop_v1/masks/532_1_355_synthetic_lollipop.nii.gz,True
532_2_624,/Users/kvothearcane/Personal/Coding Projects/GrowthNet/rivanna_pull/analysis/synthetic_lollipop_v1/masks/532_2_624_synthetic_lollipop.nii.gz,3672.875,3645.0,-27.875,0.0075894224551611,6,22.048841161901706,170,28,40,1103819906,/sfs/ceph/standard/gam_ai_group/people_scratch/ethan hirai/GrowthNet/analysis/synthetic_lollipop_v1/masks/532_2_624_synthetic_lollipop.nii.gz,True
534_0_0,/Users/kvothearcane/Personal/Coding Projects/GrowthNet/rivanna_pull/analysis/synthetic_lollipop_v1/masks/534_0_0_synthetic_lollipop.nii.gz,886.5,888.0,1.5,0.0016920473773265,7,14.292009146730395,100,97,89,942474446,/sfs/ceph/standard/gam_ai_group/people_scratch/ethan hirai/GrowthNet/analysis/synthetic_lollipop_v1/masks/534_0_0_synthetic_lollipop.nii.gz,True
534_1_146,/Users/kvothearcane/Personal/Coding Projects/GrowthNet/rivanna_pull/analysis/synthetic_lollipop_v1/masks/534_1_146_synthetic_lollipop.nii.gz,1121.375,1111.0,-10.375,0.0092520343328502,4,14.60288725069008,45,78,40,3483372674,/sfs/ceph/standard/gam_ai_group/people_scratch/ethan hirai/GrowthNet/analysis/synthetic_lollipop_v1/masks/534_1_146_synthetic_lollipop.nii.gz,True
537_0_0,/Users/kvothearcane/Personal/Coding Projects/GrowthNet/rivanna_pull/analysis/synthetic_lollipop_v1/masks/537_0_0_synthetic_lollipop.nii.gz,303.75,309.0,5.25,0.0172839506172839,6,12.071972432838244,109,178,149,992551480,/sfs/ceph/standard/gam_ai_group/people_scratch/ethan hirai/GrowthNet/analysis/synthetic_lollipop_v1/masks/537_0_0_synthetic_lollipop.nii.gz,True
537_1_110,/Users/kvothearcane/Personal/Coding Projects/GrowthNet/rivanna_pull/analysis/synthetic_lollipop_v1/masks/537_1_110_synthetic_lollipop.nii.gz,465.125,469.0,3.875,0.0083310937919914,6,12.891689409513903,83,70,138,3318031624,/sfs/ceph/standard/gam_ai_group/people_scratch/ethan hirai/GrowthNet/analysis/synthetic_lollipop_v1/masks/537_1_110_synthetic_lollipop.nii.gz,True
540_0_0,/Users/kvothearcane/Personal/Coding Projects/GrowthNet/rivanna_pull/analysis/synthetic_lollipop_v1/masks/540_0_0_synthetic_lollipop.nii.gz,1758.875,1802.0,43.125,0.0245185132542107,4,16.966806261862587,85,45,144,1867299381,/sfs/ceph/standard/gam_ai_group/people_scratch/ethan hirai/GrowthNet/analysis/synthetic_lollipop_v1/masks/540_0_0_synthetic_lollipop.nii.gz,True
540_1_294,/Users/kvothearcane/Personal/Coding Projects/GrowthNet/rivanna_pull/analysis/synthetic_lollipop_v1/masks/540_1_294_synthetic_lollipop.nii.gz,1252.25,1249.0,-3.25,0.002595328408864,5,14.64402351968332,171,43,130,2276934818,/sfs/ceph/standard/gam_ai_group/people_scratch/ethan hirai/GrowthNet/analysis/synthetic_lollipop_v1/masks/540_1_294_synthetic_lollipop.nii.gz,True
540_2_663,/Users/kvothearcane/Personal/Coding Projects/GrowthNet/rivanna_pull/analysis/synthetic_lollipop_v1/masks/540_2_663_synthetic_lollipop.nii.gz,1931.125,1897.0,-34.125,0.0176710466696873,6,17.21110442203849,119,47,55,3149525780,/sfs/ceph/standard/gam_ai_group/people_scratch/ethan hirai/GrowthNet/analysis/synthetic_lollipop_v1/masks/540_2_663_synthetic_lollipop.nii.gz,True
540_3_1126,/Users/kvothearcane/Personal/Coding Projects/GrowthNet/rivanna_pull/analysis/synthetic_lollipop_v1/masks/540_3_1126_synthetic_lollipop.nii.gz,8889.625,8893.0,3.375,0.0003796560597325,6,29.60362311149818,23,179,20,2583781345,/sfs/ceph/standard/gam_ai_group/people_scratch/ethan hirai/GrowthNet/analysis/synthetic_lollipop_v1/masks/540_3_1126_synthetic_lollipop.nii.gz,True
546_0_0,/Users/kvothearcane/Personal/Coding Projects/GrowthNet/rivanna_pull/analysis/synthetic_lollipop_v1/masks/546_0_0_synthetic_lollipop.nii.gz,683.875,694.0,10.125,0.0148053372326814,5,12.7973673574714,97,27,75,2481019254,/sfs/ceph/standard/gam_ai_group/people_scratch/ethan hirai/GrowthNet/analysis/synthetic_lollipop_v1/masks/546_0_0_synthetic_lollipop.nii.gz,True
553_0_0,/Users/kvothearcane/Personal/Coding Projects/GrowthNet/rivanna_pull/analysis/synthetic_lollipop_v1/masks/553_0_0_synthetic_lollipop.nii.gz,4324.0,4415.0,91.0,0.0210453283996299,3,24.42920674884899,13,5,164,1513017393,/sfs/ceph/standard/gam_ai_group/people_scratch/ethan hirai/GrowthNet/analysis/synthetic_lollipop_v1/masks/553_0_0_synthetic_lollipop.nii.gz,True
556_1_187,/Users/kvothearcane/Personal/Coding Projects/GrowthNet/rivanna_pull/analysis/synthetic_lollipop_v1/masks/556_1_187_synthetic_lollipop.nii.gz,378.875,371.0,-7.875,0.0207852193995381,8,13.634701790231308,138,72,60,514793978,/sfs/ceph/standard/gam_ai_group/people_scratch/ethan hirai/GrowthNet/analysis/synthetic_lollipop_v1/masks/556_1_187_synthetic_lollipop.nii.gz,True
558_1_307,/Users/kvothearcane/Personal/Coding Projects/GrowthNet/rivanna_pull/analysis/synthetic_lollipop_v1/masks/558_1_307_synthetic_lollipop.nii.gz,153.0,150.0,-3.0,0.0196078431372549,4,10.235719507205474,152,146,71,1239396748,/sfs/ceph/standard/gam_ai_group/people_scratch/ethan hirai/GrowthNet/analysis/synthetic_lollipop_v1/masks/558_1_307_synthetic_lollipop.nii.gz,True
558_2_756,/Users/kvothearcane/Personal/Coding Projects/GrowthNet/rivanna_pull/analysis/synthetic_lollipop_v1/masks/558_2_756_synthetic_lollipop.nii.gz,237.375,233.0,-4.375,0.0184307530279094,6,11.1194796766562,167,51,4,1967732970,/sfs/ceph/standard/gam_ai_group/people_scratch/ethan hirai/GrowthNet/analysis/synthetic_lollipop_v1/masks/558_2_756_synthetic_lollipop.nii.gz,True
558_3_1211,/Users/kvothearcane/Personal/Coding Projects/GrowthNet/rivanna_pull/analysis/synthetic_lollipop_v1/masks/558_3_1211_synthetic_lollipop.nii.gz,459.875,452.0,-7.875,0.017124218537646,4,12.299264803715891,156,56,65,3120413193,/sfs/ceph/standard/gam_ai_group/people_scratch/ethan hirai/GrowthNet/analysis/synthetic_lollipop_v1/masks/558_3_1211_synthetic_lollipop.nii.gz,True
558_4_1655,/Users/kvothearcane/Personal/Coding Projects/GrowthNet/rivanna_pull/analysis/synthetic_lollipop_v1/masks/558_4_1655_synthetic_lollipop.nii.gz,1483.75,1467.0,-16.75,0.0112889637742207,5,16.56718180942383,132,26,66,2546751652,/sfs/ceph/standard/gam_ai_group/people_scratch/ethan hirai/GrowthNet/analysis/synthetic_lollipop_v1/masks/558_4_1655_synthetic_lollipop.nii.gz,True
558_5_1775,/Users/kvothearcane/Personal/Coding Projects/GrowthNet/rivanna_pull/analysis/synthetic_lollipop_v1/masks/558_5_1775_synthetic_lollipop.nii.gz,1761.875,1783.0,21.125,0.0119900673997871,6,17.260051367426,155,140,63,2128231028,/sfs/ceph/standard/gam_ai_group/people_scratch/ethan hirai/GrowthNet/analysis/synthetic_lollipop_v1/masks/558_5_1775_synthetic_lollipop.nii.gz,True
560_0_0,/Users/kvothearcane/Personal/Coding Projects/GrowthNet/rivanna_pull/analysis/synthetic_lollipop_v1/masks/560_0_0_synthetic_lollipop.nii.gz,2380.125,2326.0,-54.125,0.0227404022897957,5,19.39374359999268,138,152,58,3884427486,/sfs/ceph/standard/gam_ai_group/people_scratch/ethan hirai/GrowthNet/analysis/synthetic_lollipop_v1/masks/560_0_0_synthetic_lollipop.nii.gz,True
560_1_146,/Users/kvothearcane/Personal/Coding Projects/GrowthNet/rivanna_pull/analysis/synthetic_lollipop_v1/masks/560_1_146_synthetic_lollipop.nii.gz,3096.875,3178.0,81.125,0.0261957618567103,5,21.172377054581528,159,95,160,3546535270,/sfs/ceph/standard/gam_ai_group/people_scratch/ethan hirai/GrowthNet/analysis/synthetic_lollipop_v1/masks/560_1_146_synthetic_lollipop.nii.gz,True
561_1_146,/Users/kvothearcane/Personal/Coding Projects/GrowthNet/rivanna_pull/analysis/synthetic_lollipop_v1/masks/561_1_146_synthetic_lollipop.nii.gz,226.75,227.0,0.25,0.0011025358324145,6,11.430336195947,168,3,60,1782322103,/sfs/ceph/standard/gam_ai_group/people_scratch/ethan hirai/GrowthNet/analysis/synthetic_lollipop_v1/masks/561_1_146_synthetic_lollipop.nii.gz,True
561_2_524,/Users/kvothearcane/Personal/Coding Projects/GrowthNet/rivanna_pull/analysis/synthetic_lollipop_v1/masks/561_2_524_synthetic_lollipop.nii.gz,353.875,350.0,-3.875,0.0109501942776404,6,12.702506728188125,123,155,123,1893747777,/sfs/ceph/standard/gam_ai_group/people_scratch/ethan hirai/GrowthNet/analysis/synthetic_lollipop_v1/masks/561_2_524_synthetic_lollipop.nii.gz,True
561_4_1259,/Users/kvothearcane/Personal/Coding Projects/GrowthNet/rivanna_pull/analysis/synthetic_lollipop_v1/masks/561_4_1259_synthetic_lollipop.nii.gz,453.375,443.0,-10.375,0.0228839261097325,4,12.241042560019384,160,82,40,3998977815,/sfs/ceph/standard/gam_ai_group/people_scratch/ethan hirai/GrowthNet/analysis/synthetic_lollipop_v1/masks/561_4_1259_synthetic_lollipop.nii.gz,True
561_5_1314,/Users/kvothearcane/Personal/Coding Projects/GrowthNet/rivanna_pull/analysis/synthetic_lollipop_v1/masks/561_5_1314_synthetic_lollipop.nii.gz,665.75,684.0,18.25,0.0274126924521216,4,13.913496296223034,158,124,107,2161123192,/sfs/ceph/standard/gam_ai_group/people_scratch/ethan hirai/GrowthNet/analysis/synthetic_lollipop_v1/masks/561_5_1314_synthetic_lollipop.nii.gz,True
563_1_204,/Users/kvothearcane/Personal/Coding Projects/GrowthNet/rivanna_pull/analysis/synthetic_lollipop_v1/masks/563_1_204_synthetic_lollipop.nii.gz,812.0,801.0,-11.0,0.0135467980295566,5,12.675022745532152,8,18,97,3377792957,/sfs/ceph/standard/gam_ai_group/people_scratch/ethan hirai/GrowthNet/analysis/synthetic_lollipop_v1/masks/563_1_204_synthetic_lollipop.nii.gz,True
563_2_377,/Users/kvothearcane/Personal/Coding Projects/GrowthNet/rivanna_pull/analysis/synthetic_lollipop_v1/masks/563_2_377_synthetic_lollipop.nii.gz,1344.875,1381.0,36.125,0.026861232456548,5,14.99652759913387,103,150,95,461500692,/sfs/ceph/standard/gam_ai_group/people_scratch/ethan hirai/GrowthNet/analysis/synthetic_lollipop_v1/masks/563_2_377_synthetic_lollipop.nii.gz,True
565_0_0,/Users/kvothearcane/Personal/Coding Projects/GrowthNet/rivanna_pull/analysis/synthetic_lollipop_v1/masks/565_0_0_synthetic_lollipop.nii.gz,2706.5,2720.0,13.5,0.0049879918714206,5,20.2425119689929,41,43,173,4078891229,/sfs/ceph/standard/gam_ai_group/people_scratch/ethan hirai/GrowthNet/analysis/synthetic_lollipop_v1/masks/565_0_0_synthetic_lollipop.nii.gz,True
565_1_90,/Users/kvothearcane/Personal/Coding Projects/GrowthNet/rivanna_pull/analysis/synthetic_lollipop_v1/masks/565_1_90_synthetic_lollipop.nii.gz,2903.75,2862.0,-41.75,0.0143779595350839,4,20.052792030741273,97,168,150,3059679357,/sfs/ceph/standard/gam_ai_group/people_scratch/ethan hirai/GrowthNet/analysis/synthetic_lollipop_v1/masks/565_1_90_synthetic_lollipop.nii.gz,True
568_0_0,/Users/kvothearcane/Personal/Coding Projects/GrowthNet/rivanna_pull/analysis/synthetic_lollipop_v1/masks/568_0_0_synthetic_lollipop.nii.gz,686.0,701.0,15.0,0.0218658892128279,6,13.01770022778837,29,67,140,3060358939,/sfs/ceph/standard/gam_ai_group/people_scratch/ethan hirai/GrowthNet/analysis/synthetic_lollipop_v1/masks/568_0_0_synthetic_lollipop.nii.gz,True
568_1_255,/Users/kvothearcane/Personal/Coding Projects/GrowthNet/rivanna_pull/analysis/synthetic_lollipop_v1/masks/568_1_255_synthetic_lollipop.nii.gz,1221.375,1207.0,-14.375,0.0117695220550608,6,14.773666336064272,70,42,166,3808181061,/sfs/ceph/standard/gam_ai_group/people_scratch/ethan hirai/GrowthNet/analysis/synthetic_lollipop_v1/masks/568_1_255_synthetic_lollipop.nii.gz,True
571_2_1366,/Users/kvothearcane/Personal/Coding Projects/GrowthNet/rivanna_pull/analysis/synthetic_lollipop_v1/masks/571_2_1366_synthetic_lollipop.nii.gz,233.625,234.0,0.375,0.0016051364365971,6,12.028804866786995,108,156,16,1273471878,/sfs/ceph/standard/gam_ai_group/people_scratch/ethan hirai/GrowthNet/analysis/synthetic_lollipop_v1/masks/571_2_1366_synthetic_lollipop.nii.gz,True
573_0_0,/Users/kvothearcane/Personal/Coding Projects/GrowthNet/rivanna_pull/analysis/synthetic_lollipop_v1/masks/573_0_0_synthetic_lollipop.nii.gz,268.75,262.0,-6.75,0.0251162790697674,6,12.096490723157398,91,42,79,3723387898,/sfs/ceph/standard/gam_ai_group/people_scratch/ethan hirai/GrowthNet/analysis/synthetic_lollipop_v1/masks/573_0_0_synthetic_lollipop.nii.gz,True
573_1_58,/Users/kvothearcane/Personal/Coding Projects/GrowthNet/rivanna_pull/analysis/synthetic_lollipop_v1/masks/573_1_58_synthetic_lollipop.nii.gz,370.75,370.0,-0.75,0.0020229265003371,3,12.618963055858984,141,31,6,1426612506,/sfs/ceph/standard/gam_ai_group/people_scratch/ethan hirai/GrowthNet/analysis/synthetic_lollipop_v1/masks/573_1_58_synthetic_lollipop.nii.gz,True
576_2_250,/Users/kvothearcane/Personal/Coding Projects/GrowthNet/rivanna_pull/analysis/synthetic_lollipop_v1/masks/576_2_250_synthetic_lollipop.nii.gz,564.75,559.0,-5.75,0.0101814962372731,5,13.559159053627726,42,30,137,3852757037,/sfs/ceph/standard/gam_ai_group/people_scratch/ethan hirai/GrowthNet/analysis/synthetic_lollipop_v1/masks/576_2_250_synthetic_lollipop.nii.gz,True
577_0_0,/Users/kvothearcane/Personal/Coding Projects/GrowthNet/rivanna_pull/analysis/synthetic_lollipop_v1/masks/577_0_0_synthetic_lollipop.nii.gz,1755.5,1764.0,8.5,0.0048419253773853,6,16.67268539766006,68,0,78,3009441967,/sfs/ceph/standard/gam_ai_group/people_scratch/ethan hirai/GrowthNet/analysis/synthetic_lollipop_v1/masks/577_0_0_synthetic_lollipop.nii.gz,True
577_1_239,/Users/kvothearcane/Personal/Coding Projects/GrowthNet/rivanna_pull/analysis/synthetic_lollipop_v1/masks/577_1_239_synthetic_lollipop.nii.gz,1546.25,1549.0,2.75,0.0017784963621665,5,16.796609742699992,88,102,105,512279341,/sfs/ceph/standard/gam_ai_group/people_scratch/ethan hirai/GrowthNet/analysis/synthetic_lollipop_v1/masks/577_1_239_synthetic_lollipop.nii.gz,True
577_2_568,/Users/kvothearcane/Personal/Coding Projects/GrowthNet/rivanna_pull/analysis/synthetic_lollipop_v1/masks/577_2_568_synthetic_lollipop.nii.gz,2138.75,2109.0,-29.75,0.0139099941554646,4,18.109582978706108,54,126,66,1451929667,/sfs/ceph/standard/gam_ai_group/people_scratch/ethan hirai/GrowthNet/analysis/synthetic_lollipop_v1/masks/577_2_568_synthetic_lollipop.nii.gz,True
577_3_932,/Users/kvothearcane/Personal/Coding Projects/GrowthNet/rivanna_pull/analysis/synthetic_lollipop_v1/masks/577_3_932_synthetic_lollipop.nii.gz,1734.875,1707.0,-27.875,0.0160674400172923,6,17.171429418050863,154,75,88,412414601,/sfs/ceph/standard/gam_ai_group/people_scratch/ethan hirai/GrowthNet/analysis/synthetic_lollipop_v1/masks/577_3_932_synthetic_lollipop.nii.gz,True
577_4_1366,/Users/kvothearcane/Personal/Coding Projects/GrowthNet/rivanna_pull/analysis/synthetic_lollipop_v1/masks/577_4_1366_synthetic_lollipop.nii.gz,1807.625,1779.0,-28.625,0.0158356960099578,5,16.550057893594904,10,144,120,3898161212,/sfs/ceph/standard/gam_ai_group/people_scratch/ethan hirai/GrowthNet/analysis/synthetic_lollipop_v1/masks/577_4_1366_synthetic_lollipop.nii.gz,True
578_0_0,/Users/kvothearcane/Personal/Coding Projects/GrowthNet/rivanna_pull/analysis/synthetic_lollipop_v1/masks/578_0_0_synthetic_lollipop.nii.gz,21.75,22.0,0.25,0.0114942528735632,5,6.00025786435112,18,26,77,3653057453,/sfs/ceph/standard/gam_ai_group/people_scratch/ethan hirai/GrowthNet/analysis/synthetic_lollipop_v1/masks/578_0_0_synthetic_lollipop.nii.gz,True
578_1_317,/Users/kvothearcane/Personal/Coding Projects/GrowthNet/rivanna_pull/analysis/synthetic_lollipop_v1/masks/578_1_317_synthetic_lollipop.nii.gz,49.0,49.0,0.0,0.0,8,7.901860688789041,100,92,45,3023156284,/sfs/ceph/standard/gam_ai_group/people_scratch/ethan hirai/GrowthNet/analysis/synthetic_lollipop_v1/masks/578_1_317_synthetic_lollipop.nii.gz,True
579_0_0,/Users/kvothearcane/Personal/Coding Projects/GrowthNet/rivanna_pull/analysis/synthetic_lollipop_v1/masks/579_0_0_synthetic_lollipop.nii.gz,1423.875,1443.0,19.125,0.013431656570977,5,15.28459817799228,48,77,54,508415720,/sfs/ceph/standard/gam_ai_group/people_scratch/ethan hirai/GrowthNet/analysis/synthetic_lollipop_v1/masks/579_0_0_synthetic_lollipop.nii.gz,True
579_1_198,/Users/kvothearcane/Personal/Coding Projects/GrowthNet/rivanna_pull/analysis/synthetic_lollipop_v1/masks/579_1_198_synthetic_lollipop.nii.gz,1613.25,1587.0,-26.25,0.0162715016271501,5,17.035790299323295,64,45,116,1201837816,/sfs/ceph/standard/gam_ai_group/people_scratch/ethan hirai/GrowthNet/analysis/synthetic_lollipop_v1/masks/579_1_198_synthetic_lollipop.nii.gz,True
579_2_697,/Users/kvothearcane/Personal/Coding Projects/GrowthNet/rivanna_pull/analysis/synthetic_lollipop_v1/masks/579_2_697_synthetic_lollipop.nii.gz,2433.875,2433.0,-0.875,0.0003595090134045,6,19.222792415130822,84,34,84,1843617827,/sfs/ceph/standard/gam_ai_group/people_scratch/ethan hirai/GrowthNet/analysis/synthetic_lollipop_v1/masks/579_2_697_synthetic_lollipop.nii.gz,True
579_3_1222,/Users/kvothearcane/Personal/Coding Projects/GrowthNet/rivanna_pull/analysis/synthetic_lollipop_v1/masks/579_3_1222_synthetic_lollipop.nii.gz,3906.625,4008.0,101.375,0.0259495088471506,3,23.61645522624353,152,58,80,691180907,/sfs/ceph/standard/gam_ai_group/people_scratch/ethan hirai/GrowthNet/analysis/synthetic_lollipop_v1/masks/579_3_1222_synthetic_lollipop.nii.gz,True
579_4_1600,/Users/kvothearcane/Personal/Coding Projects/GrowthNet/rivanna_pull/analysis/synthetic_lollipop_v1/masks/579_4_1600_synthetic_lollipop.nii.gz,3769.875,3864.0,94.125,0.0249676713418879,5,22.60671075455877,78,24,132,964690009,/sfs/ceph/standard/gam_ai_group/people_scratch/ethan hirai/GrowthNet/analysis/synthetic_lollipop_v1/masks/579_4_1600_synthetic_lollipop.nii.gz,True
581_1_152,/Users/kvothearcane/Personal/Coding Projects/GrowthNet/rivanna_pull/analysis/synthetic_lollipop_v1/masks/581_1_152_synthetic_lollipop.nii.gz,160.125,159.0,-1.125,0.0070257611241217,6,10.605612517727248,176,152,77,1934642264,/sfs/ceph/standard/gam_ai_group/people_scratch/ethan hirai/GrowthNet/analysis/synthetic_lollipop_v1/masks/581_1_152_synthetic_lollipop.nii.gz,True
581_2_440,/Users/kvothearcane/Personal/Coding Projects/GrowthNet/rivanna_pull/analysis/synthetic_lollipop_v1/masks/581_2_440_synthetic_lollipop.nii.gz,120.875,123.0,2.125,0.0175801447776628,7,9.753845656660095,40,167,35,1141681845,/sfs/ceph/standard/gam_ai_group/people_scratch/ethan hirai/GrowthNet/analysis/synthetic_lollipop_v1/masks/581_2_440_synthetic_lollipop.nii.gz,True
582_0_0,/Users/kvothearcane/Personal/Coding Projects/GrowthNet/rivanna_pull/analysis/synthetic_lollipop_v1/masks/582_0_0_synthetic_lollipop.nii.gz,1797.375,1826.0,28.625,0.0159260031991098,6,17.946198208082414,88,35,118,3082725243,/sfs/ceph/standard/gam_ai_group/people_scratch/ethan hirai/GrowthNet/analysis/synthetic_lollipop_v1/masks/582_0_0_synthetic_lollipop.nii.gz,True
582_1_185,/Users/kvothearcane/Personal/Coding Projects/GrowthNet/rivanna_pull/analysis/synthetic_lollipop_v1/masks/582_1_185_synthetic_lollipop.nii.gz,1676.0,1655.0,-21.0,0.0125298329355608,6,16.41710650172974,62,29,141,1096572142,/sfs/ceph/standard/gam_ai_group/people_scratch/ethan hirai/GrowthNet/analysis/synthetic_lollipop_v1/masks/582_1_185_synthetic_lollipop.nii.gz,True
583_0_0,/Users/kvothearcane/Personal/Coding Projects/GrowthNet/rivanna_pull/analysis/synthetic_lollipop_v1/masks/583_0_0_synthetic_lollipop.nii.gz,42.5,42.0,-0.5,0.0117647058823529,7,7.1586006087839325,80,82,119,606881830,/sfs/ceph/standard/gam_ai_group/people_scratch/ethan hirai/GrowthNet/analysis/synthetic_lollipop_v1/masks/583_0_0_synthetic_lollipop.nii.gz,True
583_1_86,/Users/kvothearcane/Personal/Coding Projects/GrowthNet/rivanna_pull/analysis/synthetic_lollipop_v1/masks/583_1_86_synthetic_lollipop.nii.gz,58.125,57.0,-1.125,0.0193548387096774,10,8.412298471181076,146,60,116,2406675074,/sfs/ceph/standard/gam_ai_group/people_scratch/ethan hirai/GrowthNet/analysis/synthetic_lollipop_v1/masks/583_1_86_synthetic_lollipop.nii.gz,True
583_2_278,/Users/kvothearcane/Personal/Coding Projects/GrowthNet/rivanna_pull/analysis/synthetic_lollipop_v1/masks/583_2_278_synthetic_lollipop.nii.gz,36.5,37.0,0.5,0.0136986301369863,7,6.413405354578591,80,133,173,2862562660,/sfs/ceph/standard/gam_ai_group/people_scratch/ethan hirai/GrowthNet/analysis/synthetic_lollipop_v1/masks/583_2_278_synthetic_lollipop.nii.gz,True
583_3_460,/Users/kvothearcane/Personal/Coding Projects/GrowthNet/rivanna_pull/analysis/synthetic_lollipop_v1/masks/583_3_460_synthetic_lollipop.nii.gz,39.25,39.0,-0.25,0.0063694267515923,8,7.538894199655738,172,16,89,2287755504,/sfs/ceph/standard/gam_ai_group/people_scratch/ethan hirai/GrowthNet/analysis/synthetic_lollipop_v1/masks/583_3_460_synthetic_lollipop.nii.gz,True
587_1_340,/Users/kvothearcane/Personal/Coding Projects/GrowthNet/rivanna_pull/analysis/synthetic_lollipop_v1/masks/587_1_340_synthetic_lollipop.nii.gz,31.625,32.0,0.375,0.0118577075098814,2,6.549112152559865,66,95,113,1910601380,/sfs/ceph/standard/gam_ai_group/people_scratch/ethan hirai/GrowthNet/analysis/synthetic_lollipop_v1/masks/587_1_340_synthetic_lollipop.nii.gz,True
592_1_253,/Users/kvothearcane/Personal/Coding Projects/GrowthNet/rivanna_pull/analysis/synthetic_lollipop_v1/masks/592_1_253_synthetic_lollipop.nii.gz,65.875,70.0,4.125,0.0626185958254269,14,8.04652765425086,108,138,95,3779906883,/sfs/ceph/standard/gam_ai_group/people_scratch/ethan hirai/GrowthNet/analysis/synthetic_lollipop_v1/masks/592_1_253_synthetic_lollipop.nii.gz,True
592_2_1030,/Users/kvothearcane/Personal/Coding Projects/GrowthNet/rivanna_pull/analysis/synthetic_lollipop_v1/masks/592_2_1030_synthetic_lollipop.nii.gz,79.375,77.0,-2.375,0.0299212598425196,7,8.477965198878504,102,8,121,1369324196,/sfs/ceph/standard/gam_ai_group/people_scratch/ethan hirai/GrowthNet/analysis/synthetic_lollipop_v1/masks/592_2_1030_synthetic_lollipop.nii.gz,True
593_0_0,/Users/kvothearcane/Personal/Coding Projects/GrowthNet/rivanna_pull/analysis/synthetic_lollipop_v1/masks/593_0_0_synthetic_lollipop.nii.gz,15.125,13.0,-2.125,0.140495867768595,14,5.097283220136851,62,79,157,1473505909,/sfs/ceph/standard/gam_ai_group/people_scratch/ethan hirai/GrowthNet/analysis/synthetic_lollipop_v1/masks/593_0_0_synthetic_lollipop.nii.gz,True
593_1_403,/Users/kvothearcane/Personal/Coding Projects/GrowthNet/rivanna_pull/analysis/synthetic_lollipop_v1/masks/593_1_403_synthetic_lollipop.nii.gz,30.625,32.0,1.375,0.0448979591836734,14,6.3563856963048355,119,166,59,23776862,/sfs/ceph/standard/gam_ai_group/people_scratch/ethan hirai/GrowthNet/analysis/synthetic_lollipop_v1/masks/593_1_403_synthetic_lollipop.nii.gz,True
593_3_2370,/Users/kvothearcane/Personal/Coding Projects/GrowthNet/rivanna_pull/analysis/synthetic_lollipop_v1/masks/593_3_2370_synthetic_lollipop.nii.gz,111.5,109.0,-2.5,0.0224215246636771,5,9.589440185957404,167,174,155,705727449,/sfs/ceph/standard/gam_ai_group/people_scratch/ethan hirai/GrowthNet/analysis/synthetic_lollipop_v1/masks/593_3_2370_synthetic_lollipop.nii.gz,True
595_1_357,/Users/kvothearcane/Personal/Coding Projects/GrowthNet/rivanna_pull/analysis/synthetic_lollipop_v1/masks/595_1_357_synthetic_lollipop.nii.gz,303.875,292.0,-11.875,0.0390785684903332,14,12.04060114331324,64,77,113,3422015603,/sfs/ceph/standard/gam_ai_group/people_scratch/ethan hirai/GrowthNet/analysis/synthetic_lollipop_v1/masks/595_1_357_synthetic_lollipop.nii.gz,True
595_2_652,/Users/kvothearcane/Personal/Coding Projects/GrowthNet/rivanna_pull/analysis/synthetic_lollipop_v1/masks/595_2_652_synthetic_lollipop.nii.gz,283.5,292.0,8.5,0.0299823633156966,9,11.829785520272472,116,175,29,2752048797,/sfs/ceph/standard/gam_ai_group/people_scratch/ethan hirai/GrowthNet/analysis/synthetic_lollipop_v1/masks/595_2_652_synthetic_lollipop.nii.gz,True
595_3_1268,/Users/kvothearcane/Personal/Coding Projects/GrowthNet/rivanna_pull/analysis/synthetic_lollipop_v1/masks/595_3_1268_synthetic_lollipop.nii.gz,636.125,645.0,8.875,0.0139516604440951,6,13.0981419123413,43,35,97,3875147813,/sfs/ceph/standard/gam_ai_group/people_scratch/ethan hirai/GrowthNet/analysis/synthetic_lollipop_v1/masks/595_3_1268_synthetic_lollipop.nii.gz,True
595_4_1631,/Users/kvothearcane/Personal/Coding Projects/GrowthNet/rivanna_pull/analysis/synthetic_lollipop_v1/masks/595_4_1631_synthetic_lollipop.nii.gz,831.875,811.0,-20.875,0.0250939143501126,5,13.660955769265746,160,148,170,1219561514,/sfs/ceph/standard/gam_ai_group/people_scratch/ethan hirai/GrowthNet/analysis/synthetic_lollipop_v1/masks/595_4_1631_synthetic_lollipop.nii.gz,True
595_5_1995,/Users/kvothearcane/Personal/Coding Projects/GrowthNet/rivanna_pull/analysis/synthetic_lollipop_v1/masks/595_5_1995_synthetic_lollipop.nii.gz,931.0,908.0,-23.0,0.024704618689581,5,13.266202775853614,59,118,9,3967565752,/sfs/ceph/standard/gam_ai_group/people_scratch/ethan hirai/GrowthNet/analysis/synthetic_lollipop_v1/masks/595_5_1995_synthetic_lollipop.nii.gz,True
601_1_201,/Users/kvothearcane/Personal/Coding Projects/GrowthNet/rivanna_pull/analysis/synthetic_lollipop_v1/masks/601_1_201_synthetic_lollipop.nii.gz,4452.625,4419.0,-33.625,0.0075517251059768,6,22.73756660607602,44,177,93,1287158655,/sfs/ceph/standard/gam_ai_group/people_scratch/ethan hirai/GrowthNet/analysis/synthetic_lollipop_v1/masks/601_1_201_synthetic_lollipop.nii.gz,True
601_2_616,/Users/kvothearcane/Personal/Coding Projects/GrowthNet/rivanna_pull/analysis/synthetic_lollipop_v1/masks/601_2_616_synthetic_lollipop.nii.gz,2075.0,2054.0,-21.0,0.0101204819277108,6,18.22733126239265,13,26,133,1413956981,/sfs/ceph/standard/gam_ai_group/people_scratch/ethan hirai/GrowthNet/analysis/synthetic_lollipop_v1/masks/601_2_616_synthetic_lollipop.nii.gz,True
603_0_0,/Users/kvothearcane/Personal/Coding Projects/GrowthNet/rivanna_pull/analysis/synthetic_lollipop_v1/masks/603_0_0_synthetic_lollipop.nii.gz,300.875,296.0,-4.875,0.0162027420024927,8,12.362944274430182,161,126,4,4226783262,/sfs/ceph/standard/gam_ai_group/people_scratch/ethan hirai/GrowthNet/analysis/synthetic_lollipop_v1/masks/603_0_0_synthetic_lollipop.nii.gz,True
603_1_860,/Users/kvothearcane/Personal/Coding Projects/GrowthNet/rivanna_pull/analysis/synthetic_lollipop_v1/masks/603_1_860_synthetic_lollipop.nii.gz,46.875,48.0,1.125,0.024,5,7.183708904603835,60,41,29,3362362028,/sfs/ceph/standard/gam_ai_group/people_scratch/ethan hirai/GrowthNet/analysis/synthetic_lollipop_v1/masks/603_1_860_synthetic_lollipop.nii.gz,True
604_1_178,/Users/kvothearcane/Personal/Coding Projects/GrowthNet/rivanna_pull/analysis/synthetic_lollipop_v1/masks/604_1_178_synthetic_lollipop.nii.gz,2948.125,2962.0,13.875,0.0047063811744753,6,21.16450874135345,139,88,105,1432798125,/sfs/ceph/standard/gam_ai_group/people_scratch/ethan hirai/GrowthNet/analysis/synthetic_lollipop_v1/masks/604_1_178_synthetic_lollipop.nii.gz,True
604_2_258,/Users/kvothearcane/Personal/Coding Projects/GrowthNet/rivanna_pull/analysis/synthetic_lollipop_v1/masks/604_2_258_synthetic_lollipop.nii.gz,3858.75,3925.0,66.25,0.017168772270813,5,21.309779295660235,22,67,91,699948000,/sfs/ceph/standard/gam_ai_group/people_scratch/ethan hirai/GrowthNet/analysis/synthetic_lollipop_v1/masks/604_2_258_synthetic_lollipop.nii.gz,True
606_0_0,/Users/kvothearcane/Personal/Coding Projects/GrowthNet/rivanna_pull/analysis/synthetic_lollipop_v1/masks/606_0_0_synthetic_lollipop.nii.gz,1530.125,1522.0,-8.125,0.0053100236908749,6,15.926276369311273,3,90,53,122809255,/sfs/ceph/standard/gam_ai_group/people_scratch/ethan hirai/GrowthNet/analysis/synthetic_lollipop_v1/masks/606_0_0_synthetic_lollipop.nii.gz,True
606_1_181,/Users/kvothearcane/Personal/Coding Projects/GrowthNet/rivanna_pull/analysis/synthetic_lollipop_v1/masks/606_1_181_synthetic_lollipop.nii.gz,1172.375,1159.0,-13.375,0.0114084657212922,4,14.820992644853236,30,105,88,2623899622,/sfs/ceph/standard/gam_ai_group/people_scratch/ethan hirai/GrowthNet/analysis/synthetic_lollipop_v1/masks/606_1_181_synthetic_lollipop.nii.gz,True
606_2_545,/Users/kvothearcane/Personal/Coding Projects/GrowthNet/rivanna_pull/analysis/synthetic_lollipop_v1/masks/606_2_545_synthetic_lollipop.nii.gz,1425.25,1421.0,-4.25,0.0029819329942115,5,16.346523788543298,5,6,162,567897540,/sfs/ceph/standard/gam_ai_group/people_scratch/ethan hirai/GrowthNet/analysis/synthetic_lollipop_v1/masks/606_2_545_synthetic_lollipop.nii.gz,True
606_3_914,/Users/kvothearcane/Personal/Coding Projects/GrowthNet/rivanna_pull/analysis/synthetic_lollipop_v1/masks/606_3_914_synthetic_lollipop.nii.gz,1181.0,1178.0,-3.0,0.0025402201524132,6,15.105450614324244,14,20,90,413225324,/sfs/ceph/standard/gam_ai_group/people_scratch/ethan hirai/GrowthNet/analysis/synthetic_lollipop_v1/masks/606_3_914_synthetic_lollipop.nii.gz,True
606_4_1278,/Users/kvothearcane/Personal/Coding Projects/GrowthNet/rivanna_pull/analysis/synthetic_lollipop_v1/masks/606_4_1278_synthetic_lollipop.nii.gz,1627.25,1647.0,19.75,0.0121370410201259,6,17.36111662610614,67,167,43,3670700896,/sfs/ceph/standard/gam_ai_group/people_scratch/ethan hirai/GrowthNet/analysis/synthetic_lollipop_v1/masks/606_4_1278_synthetic_lollipop.nii.gz,True
606_5_2001,/Users/kvothearcane/Personal/Coding Projects/GrowthNet/rivanna_pull/analysis/synthetic_lollipop_v1/masks/606_5_2001_synthetic_lollipop.nii.gz,2077.0,2075.0,-2.0,0.0009629272989889,5,18.53277954984629,15,84,58,169321155,/sfs/ceph/standard/gam_ai_group/people_scratch/ethan hirai/GrowthNet/analysis/synthetic_lollipop_v1/masks/606_5_2001_synthetic_lollipop.nii.gz,True
609_0_0,/Users/kvothearcane/Personal/Coding Projects/GrowthNet/rivanna_pull/analysis/synthetic_lollipop_v1/masks/609_0_0_synthetic_lollipop.nii.gz,42.5,42.0,-0.5,0.0117647058823529,5,6.95287799665079,109,117,67,120865234,/sfs/ceph/standard/gam_ai_group/people_scratch/ethan hirai/GrowthNet/analysis/synthetic_lollipop_v1/masks/609_0_0_synthetic_lollipop.nii.gz,True
609_1_167,/Users/kvothearcane/Personal/Coding Projects/GrowthNet/rivanna_pull/analysis/synthetic_lollipop_v1/masks/609_1_167_synthetic_lollipop.nii.gz,20.0,20.0,0.0,0.0,4,5.194748956891638,94,151,118,1193299157,/sfs/ceph/standard/gam_ai_group/people_scratch/ethan hirai/GrowthNet/analysis/synthetic_lollipop_v1/masks/609_1_167_synthetic_lollipop.nii.gz,True
609_2_536,/Users/kvothearcane/Personal/Coding Projects/GrowthNet/rivanna_pull/analysis/synthetic_lollipop_v1/masks/609_2_536_synthetic_lollipop.nii.gz,16.25,14.0,-2.25,0.1384615384615384,14,4.946907958969353,61,148,124,450159388,/sfs/ceph/standard/gam_ai_group/people_scratch/ethan hirai/GrowthNet/analysis/synthetic_lollipop_v1/masks/609_2_536_synthetic_lollipop.nii.gz,True
609_3_902,/Users/kvothearcane/Personal/Coding Projects/GrowthNet/rivanna_pull/analysis/synthetic_lollipop_v1/masks/609_3_902_synthetic_lollipop.nii.gz,20.0,20.0,0.0,0.0,4,5.194748956891638,123,14,117,3902454817,/sfs/ceph/standard/gam_ai_group/people_scratch/ethan hirai/GrowthNet/analysis/synthetic_lollipop_v1/masks/609_3_902_synthetic_lollipop.nii.gz,True
610_1_210,/Users/kvothearcane/Personal/Coding Projects/GrowthNet/rivanna_pull/analysis/synthetic_lollipop_v1/masks/610_1_210_synthetic_lollipop.nii.gz,70.125,71.0,0.875,0.0124777183600713,5,8.864232102099855,176,174,64,228868794,/sfs/ceph/standard/gam_ai_group/people_scratch/ethan hirai/GrowthNet/analysis/synthetic_lollipop_v1/masks/610_1_210_synthetic_lollipop.nii.gz,True
610_2_619,/Users/kvothearcane/Personal/Coding Projects/GrowthNet/rivanna_pull/analysis/synthetic_lollipop_v1/masks/610_2_619_synthetic_lollipop.nii.gz,53.5,54.0,0.5,0.0093457943925233,2,7.803513337620832,28,47,64,943020560,/sfs/ceph/standard/gam_ai_group/people_scratch/ethan hirai/GrowthNet/analysis/synthetic_lollipop_v1/masks/610_2_619_synthetic_lollipop.nii.gz,True
610_3_1008,/Users/kvothearcane/Personal/Coding Projects/GrowthNet/rivanna_pull/analysis/synthetic_lollipop_v1/masks/610_3_1008_synthetic_lollipop.nii.gz,56.25,54.0,-2.25,0.04,14,8.273796806171804,14,24,92,3712752669,/sfs/ceph/standard/gam_ai_group/people_scratch/ethan hirai/GrowthNet/analysis/synthetic_lollipop_v1/masks/610_3_1008_synthetic_lollipop.nii.gz,True
610_4_1386,/Users/kvothearcane/Personal/Coding Projects/GrowthNet/rivanna_pull/analysis/synthetic_lollipop_v1/masks/610_4_1386_synthetic_lollipop.nii.gz,48.25,48.0,-0.25,0.005181347150259,5,7.253273793843649,71,142,9,3915813957,/sfs/ceph/standard/gam_ai_group/people_scratch/ethan hirai/GrowthNet/analysis/synthetic_lollipop_v1/masks/610_4_1386_synthetic_lollipop.nii.gz,True
611_0_0,/Users/kvothearcane/Personal/Coding Projects/GrowthNet/rivanna_pull/analysis/synthetic_lollipop_v1/masks/611_0_0_synthetic_lollipop.nii.gz,347.625,357.0,9.375,0.0269687162891046,3,12.35094770675088,130,8,177,3878205258,/sfs/ceph/standard/gam_ai_group/people_scratch/ethan hirai/GrowthNet/analysis/synthetic_lollipop_v1/masks/611_0_0_synthetic_lollipop.nii.gz,True
611_1_186,/Users/kvothearcane/Personal/Coding Projects/GrowthNet/rivanna_pull/analysis/synthetic_lollipop_v1/masks/611_1_186_synthetic_lollipop.nii.gz,456.375,466.0,9.625,0.0210901122980005,4,12.267983043197846,131,15,68,3691689845,/sfs/ceph/standard/gam_ai_group/people_scratch/ethan hirai/GrowthNet/analysis/synthetic_lollipop_v1/masks/611_1_186_synthetic_lollipop.nii.gz,True
611_2_466,/Users/kvothearcane/Personal/Coding Projects/GrowthNet/rivanna_pull/analysis/synthetic_lollipop_v1/masks/611_2_466_synthetic_lollipop.nii.gz,770.875,760.0,-10.875,0.0141073455488892,4,12.887927844529504,71,154,135,2245982545,/sfs/ceph/standard/gam_ai_group/people_scratch/ethan hirai/GrowthNet/analysis/synthetic_lollipop_v1/masks/611_2_466_synthetic_lollipop.nii.gz,True
618_0_0,/Users/kvothearcane/Personal/Coding Projects/GrowthNet/rivanna_pull/analysis/synthetic_lollipop_v1/masks/618_0_0_synthetic_lollipop.nii.gz,187.25,183.0,-4.25,0.0226969292389853,7,11.061100645748292,90,175,70,4064969541,/sfs/ceph/standard/gam_ai_group/people_scratch/ethan hirai/GrowthNet/analysis/synthetic_lollipop_v1/masks/618_0_0_synthetic_lollipop.nii.gz,True
618_1_291,/Users/kvothearcane/Personal/Coding Projects/GrowthNet/rivanna_pull/analysis/synthetic_lollipop_v1/masks/618_1_291_synthetic_lollipop.nii.gz,441.625,429.0,-12.625,0.0285876026040192,8,12.852922845096144,171,11,10,153572241,/sfs/ceph/standard/gam_ai_group/people_scratch/ethan hirai/GrowthNet/analysis/synthetic_lollipop_v1/masks/618_1_291_synthetic_lollipop.nii.gz,True
618_2_627,/Users/kvothearcane/Personal/Coding Projects/GrowthNet/rivanna_pull/analysis/synthetic_lollipop_v1/masks/618_2_627_synthetic_lollipop.nii.gz,433.25,427.0,-6.25,0.0144258511252163,7,12.845500171102078,64,19,166,3670871472,/sfs/ceph/standard/gam_ai_group/people_scratch/ethan hirai/GrowthNet/analysis/synthetic_lollipop_v1/masks/618_2_627_synthetic_lollipop.nii.gz,True
625_2_1420,/Users/kvothearcane/Personal/Coding Projects/GrowthNet/rivanna_pull/analysis/synthetic_lollipop_v1/masks/625_2_1420_synthetic_lollipop.nii.gz,1161.5,1167.0,5.5,0.004735256134309,6,14.528195728905011,53,31,26,1438707851,/sfs/ceph/standard/gam_ai_group/people_scratch/ethan hirai/GrowthNet/analysis/synthetic_lollipop_v1/masks/625_2_1420_synthetic_lollipop.nii.gz,True
625_3_1544,/Users/kvothearcane/Personal/Coding Projects/GrowthNet/rivanna_pull/analysis/synthetic_lollipop_v1/masks/625_3_1544_synthetic_lollipop.nii.gz,1711.125,1700.0,-11.125,0.0065015706041347,5,16.250147839985203,136,161,44,1335023433,/sfs/ceph/standard/gam_ai_group/people_scratch/ethan hirai/GrowthNet/analysis/synthetic_lollipop_v1/masks/625_3_1544_synthetic_lollipop.nii.gz,True
629_0_0,/Users/kvothearcane/Personal/Coding Projects/GrowthNet/rivanna_pull/analysis/synthetic_lollipop_v1/masks/629_0_0_synthetic_lollipop.nii.gz,81.375,87.0,5.625,0.0691244239631336,14,9.314949289037724,112,147,129,3608634158,/sfs/ceph/standard/gam_ai_group/people_scratch/ethan hirai/GrowthNet/analysis/synthetic_lollipop_v1/masks/629_0_0_synthetic_lollipop.nii.gz,True
629_1_413,/Users/kvothearcane/Personal/Coding Projects/GrowthNet/rivanna_pull/analysis/synthetic_lollipop_v1/masks/629_1_413_synthetic_lollipop.nii.gz,69.25,69.0,-0.25,0.003610108303249,2,8.504435837190865,33,107,76,2926445205,/sfs/ceph/standard/gam_ai_group/people_scratch/ethan hirai/GrowthNet/analysis/synthetic_lollipop_v1/masks/629_1_413_synthetic_lollipop.nii.gz,True
629_2_810,/Users/kvothearcane/Personal/Coding Projects/GrowthNet/rivanna_pull/analysis/synthetic_lollipop_v1/masks/629_2_810_synthetic_lollipop.nii.gz,73.75,75.0,1.25,0.0169491525423728,5,9.014414058492722,25,124,97,2580536697,/sfs/ceph/standard/gam_ai_group/people_scratch/ethan hirai/GrowthNet/analysis/synthetic_lollipop_v1/masks/629_2_810_synthetic_lollipop.nii.gz,True
636_0_0,/Users/kvothearcane/Personal/Coding Projects/GrowthNet/rivanna_pull/analysis/synthetic_lollipop_v1/masks/636_0_0_synthetic_lollipop.nii.gz,456.375,462.0,5.625,0.0123253903040262,7,12.900729324769191,46,84,107,1094362105,/sfs/ceph/standard/gam_ai_group/people_scratch/ethan hirai/GrowthNet/analysis/synthetic_lollipop_v1/masks/636_0_0_synthetic_lollipop.nii.gz,True
636_1_181,/Users/kvothearcane/Personal/Coding Projects/GrowthNet/rivanna_pull/analysis/synthetic_lollipop_v1/masks/636_1_181_synthetic_lollipop.nii.gz,460.5,465.0,4.5,0.009771986970684,7,12.939481065599754,59,85,118,2603496492,/sfs/ceph/standard/gam_ai_group/people_scratch/ethan hirai/GrowthNet/analysis/synthetic_lollipop_v1/masks/636_1_181_synthetic_lollipop.nii.gz,True
636_4_978,/Users/kvothearcane/Personal/Coding Projects/GrowthNet/rivanna_pull/analysis/synthetic_lollipop_v1/masks/636_4_978_synthetic_lollipop.nii.gz,1054.875,1050.0,-4.875,0.0046214006398862,4,14.30832431637263,138,153,121,1506976600,/sfs/ceph/standard/gam_ai_group/people_scratch/ethan hirai/GrowthNet/analysis/synthetic_lollipop_v1/masks/636_4_978_synthetic_lollipop.nii.gz,True
647_2_176,/Users/kvothearcane/Personal/Coding Projects/GrowthNet/rivanna_pull/analysis/synthetic_lollipop_v1/masks/647_2_176_synthetic_lollipop.nii.gz,2607.125,2603.0,-4.125,0.0015822026178261,5,19.991667145012645,113,162,29,2540365827,/sfs/ceph/standard/gam_ai_group/people_scratch/ethan hirai/GrowthNet/analysis/synthetic_lollipop_v1/masks/647_2_176_synthetic_lollipop.nii.gz,True
649_0_0,/Users/kvothearcane/Personal/Coding Projects/GrowthNet/rivanna_pull/analysis/synthetic_lollipop_v1/masks/649_0_0_synthetic_lollipop.nii.gz,21.25,21.0,-0.25,0.0117647058823529,6,5.409648159407076,49,108,28,4091951083,/sfs/ceph/standard/gam_ai_group/people_scratch/ethan hirai/GrowthNet/analysis/synthetic_lollipop_v1/masks/649_0_0_synthetic_lollipop.nii.gz,True
649_1_37,/Users/kvothearcane/Personal/Coding Projects/GrowthNet/rivanna_pull/analysis/synthetic_lollipop_v1/masks/649_1_37_synthetic_lollipop.nii.gz,102.125,103.0,0.875,0.0085679314565483,4,8.94537577820758,159,108,115,2454319800,/sfs/ceph/standard/gam_ai_group/people_scratch/ethan hirai/GrowthNet/analysis/synthetic_lollipop_v1/masks/649_1_37_synthetic_lollipop.nii.gz,True
649_2_148,/Users/kvothearcane/Personal/Coding Projects/GrowthNet/rivanna_pull/analysis/synthetic_lollipop_v1/masks/649_2_148_synthetic_lollipop.nii.gz,54.25,54.0,-0.25,0.0046082949308755,6,7.691035041673308,156,75,32,249574662,/sfs/ceph/standard/gam_ai_group/people_scratch/ethan hirai/GrowthNet/analysis/synthetic_lollipop_v1/masks/649_2_148_synthetic_lollipop.nii.gz,True
662_2_260,/Users/kvothearcane/Personal/Coding Projects/GrowthNet/rivanna_pull/analysis/synthetic_lollipop_v1/masks/662_2_260_synthetic_lollipop.nii.gz,615.5,623.0,7.5,0.0121852152721364,5,13.154763370214551,38,126,176,3984722680,/sfs/ceph/standard/gam_ai_group/people_scratch/ethan hirai/GrowthNet/analysis/synthetic_lollipop_v1/masks/662_2_260_synthetic_lollipop.nii.gz,True
664_0_0,/Users/kvothearcane/Personal/Coding Projects/GrowthNet/rivanna_pull/analysis/synthetic_lollipop_v1/masks/664_0_0_synthetic_lollipop.nii.gz,103.5,101.0,-2.5,0.0241545893719806,5,9.35438159223737,66,172,29,1147440901,/sfs/ceph/standard/gam_ai_group/people_scratch/ethan hirai/GrowthNet/analysis/synthetic_lollipop_v1/masks/664_0_0_synthetic_lollipop.nii.gz,True
664_1_175,/Users/kvothearcane/Personal/Coding Projects/GrowthNet/rivanna_pull/analysis/synthetic_lollipop_v1/masks/664_1_175_synthetic_lollipop.nii.gz,176.875,176.0,-0.875,0.004946996466431,7,11.073524419292571,175,87,119,3754424377,/sfs/ceph/standard/gam_ai_group/people_scratch/ethan hirai/GrowthNet/analysis/synthetic_lollipop_v1/masks/664_1_175_synthetic_lollipop.nii.gz,True
664_2_210,/Users/kvothearcane/Personal/Coding Projects/GrowthNet/rivanna_pull/analysis/synthetic_lollipop_v1/masks/664_2_210_synthetic_lollipop.nii.gz,44.625,44.0,-0.625,0.0140056022408963,4,7.903262719120265,15,23,65,835825497,/sfs/ceph/standard/gam_ai_group/people_scratch/ethan hirai/GrowthNet/analysis/synthetic_lollipop_v1/masks/664_2_210_synthetic_lollipop.nii.gz,True
679_1_94,/Users/kvothearcane/Personal/Coding Projects/GrowthNet/rivanna_pull/analysis/synthetic_lollipop_v1/masks/679_1_94_synthetic_lollipop.nii.gz,1793.375,1761.0,-32.375,0.018052554541019,4,17.077022313975263,163,62,92,1151850188,/sfs/ceph/standard/gam_ai_group/people_scratch/ethan hirai/GrowthNet/analysis/synthetic_lollipop_v1/masks/679_1_94_synthetic_lollipop.nii.gz,True
690_0_0,/Users/kvothearcane/Personal/Coding Projects/GrowthNet/rivanna_pull/analysis/synthetic_lollipop_v1/masks/690_0_0_synthetic_lollipop.nii.gz,1834.875,1814.0,-20.875,0.0113767967845221,6,18.07014852904958,85,20,175,1098450466,/sfs/ceph/standard/gam_ai_group/people_scratch/ethan hirai/GrowthNet/analysis/synthetic_lollipop_v1/masks/690_0_0_synthetic_lollipop.nii.gz,True
696_0_0,/Users/kvothearcane/Personal/Coding Projects/GrowthNet/rivanna_pull/analysis/synthetic_lollipop_v1/masks/696_0_0_synthetic_lollipop.nii.gz,1466.875,1425.0,-41.875,0.0285470813804857,4,15.97053547362138,17,32,102,3923011251,/sfs/ceph/standard/gam_ai_group/people_scratch/ethan hirai/GrowthNet/analysis/synthetic_lollipop_v1/masks/696_0_0_synthetic_lollipop.nii.gz,True
709_0_0,/Users/kvothearcane/Personal/Coding Projects/GrowthNet/rivanna_pull/analysis/synthetic_lollipop_v1/masks/709_0_0_synthetic_lollipop.nii.gz,72.125,71.0,-1.125,0.0155979202772963,5,8.947714186054885,117,50,54,967064935,/sfs/ceph/standard/gam_ai_group/people_scratch/ethan hirai/GrowthNet/analysis/synthetic_lollipop_v1/masks/709_0_0_synthetic_lollipop.nii.gz,True
709_1_371,/Users/kvothearcane/Personal/Coding Projects/GrowthNet/rivanna_pull/analysis/synthetic_lollipop_v1/masks/709_1_371_synthetic_lollipop.nii.gz,64.625,68.0,3.375,0.0522243713733075,14,7.955879432441647,0,163,2,2142856289,/sfs/ceph/standard/gam_ai_group/people_scratch/ethan hirai/GrowthNet/analysis/synthetic_lollipop_v1/masks/709_1_371_synthetic_lollipop.nii.gz,True
709_2_763,/Users/kvothearcane/Personal/Coding Projects/GrowthNet/rivanna_pull/analysis/synthetic_lollipop_v1/masks/709_2_763_synthetic_lollipop.nii.gz,95.375,93.0,-2.375,0.0249017038007863,2,9.462017929327908,142,154,116,2604547624,/sfs/ceph/standard/gam_ai_group/people_scratch/ethan hirai/GrowthNet/analysis/synthetic_lollipop_v1/masks/709_2_763_synthetic_lollipop.nii.gz,True
731_5_4977,/Users/kvothearcane/Personal/Coding Projects/GrowthNet/rivanna_pull/analysis/synthetic_lollipop_v1/masks/731_5_4977_synthetic_lollipop.nii.gz,48.25,47.0,-1.25,0.0259067357512953,5,7.825569153973237,127,143,34,4051918046,/sfs/ceph/standard/gam_ai_group/people_scratch/ethan hirai/GrowthNet/analysis/synthetic_lollipop_v1/masks/731_5_4977_synthetic_lollipop.nii.gz,True
731_6_5458,/Users/kvothearcane/Personal/Coding Projects/GrowthNet/rivanna_pull/analysis/synthetic_lollipop_v1/masks/731_6_5458_synthetic_lollipop.nii.gz,83.25,81.0,-2.25,0.027027027027027,7,8.442138690485763,56,99,60,285817944,/sfs/ceph/standard/gam_ai_group/people_scratch/ethan hirai/GrowthNet/analysis/synthetic_lollipop_v1/masks/731_6_5458_synthetic_lollipop.nii.gz,True
733_1_53,/Users/kvothearcane/Personal/Coding Projects/GrowthNet/rivanna_pull/analysis/synthetic_lollipop_v1/masks/733_1_53_synthetic_lollipop.nii.gz,107.0,106.0,-1.0,0.0093457943925233,6,9.64523474202461,20,47,129,2701249198,/sfs/ceph/standard/gam_ai_group/people_scratch/ethan hirai/GrowthNet/analysis/synthetic_lollipop_v1/masks/733_1_53_synthetic_lollipop.nii.gz,True
733_2_242,/Users/kvothearcane/Personal/Coding Projects/GrowthNet/rivanna_pull/analysis/synthetic_lollipop_v1/masks/733_2_242_synthetic_lollipop.nii.gz,241.875,238.0,-3.875,0.0160206718346253,5,11.43416946944858,52,166,15,3063541368,/sfs/ceph/standard/gam_ai_group/people_scratch/ethan hirai/GrowthNet/analysis/synthetic_lollipop_v1/masks/733_2_242_synthetic_lollipop.nii.gz,True
734_1_365,/Users/kvothearcane/Personal/Coding Projects/GrowthNet/rivanna_pull/analysis/synthetic_lollipop_v1/masks/734_1_365_synthetic_lollipop.nii.gz,789.5,781.0,-8.5,0.0107663077897403,5,12.55685219869446,70,76,12,2369230924,/sfs/ceph/standard/gam_ai_group/people_scratch/ethan hirai/GrowthNet/analysis/synthetic_lollipop_v1/masks/734_1_365_synthetic_lollipop.nii.gz,True
734_2_768,/Users/kvothearcane/Personal/Coding Projects/GrowthNet/rivanna_pull/analysis/synthetic_lollipop_v1/masks/734_2_768_synthetic_lollipop.nii.gz,1305.375,1327.0,21.625,0.0165661208465,6,15.61812219806325,167,52,27,1254950333,/sfs/ceph/standard/gam_ai_group/people_scratch/ethan hirai/GrowthNet/analysis/synthetic_lollipop_v1/masks/734_2_768_synthetic_lollipop.nii.gz,True
735_2_721,/Users/kvothearcane/Personal/Coding Projects/GrowthNet/rivanna_pull/analysis/synthetic_lollipop_v1/masks/735_2_721_synthetic_lollipop.nii.gz,559.875,568.0,8.125,0.0145121678946193,6,12.552374714213514,168,176,83,3138668869,/sfs/ceph/standard/gam_ai_group/people_scratch/ethan hirai/GrowthNet/analysis/synthetic_lollipop_v1/masks/735_2_721_synthetic_lollipop.nii.gz,True
735_3_1012,/Users/kvothearcane/Personal/Coding Projects/GrowthNet/rivanna_pull/analysis/synthetic_lollipop_v1/masks/735_3_1012_synthetic_lollipop.nii.gz,575.0,558.0,-17.0,0.0295652173913043,6,13.054923060280304,31,84,158,2069050752,/sfs/ceph/standard/gam_ai_group/people_scratch/ethan hirai/GrowthNet/analysis/synthetic_lollipop_v1/masks/735_3_1012_synthetic_lollipop.nii.gz,True
743_0_0,/Users/kvothearcane/Personal/Coding Projects/GrowthNet/rivanna_pull/analysis/synthetic_lollipop_v1/masks/743_0_0_synthetic_lollipop.nii.gz,368.25,360.0,-8.25,0.0224032586558044,5,11.757859342785594,123,113,105,770162556,/sfs/ceph/standard/gam_ai_group/people_scratch/ethan hirai/GrowthNet/analysis/synthetic_lollipop_v1/masks/743_0_0_synthetic_lollipop.nii.gz,True
743_3_631,/Users/kvothearcane/Personal/Coding Projects/GrowthNet/rivanna_pull/analysis/synthetic_lollipop_v1/masks/743_3_631_synthetic_lollipop.nii.gz,2541.0,2528.0,-13.0,0.0051160960251869,5,19.82120025594775,1,50,172,1628092625,/sfs/ceph/standard/gam_ai_group/people_scratch/ethan hirai/GrowthNet/analysis/synthetic_lollipop_v1/masks/743_3_631_synthetic_lollipop.nii.gz,True
744_0_0,/Users/kvothearcane/Personal/Coding Projects/GrowthNet/rivanna_pull/analysis/synthetic_lollipop_v1/masks/744_0_0_synthetic_lollipop.nii.gz,1205.75,1196.0,-9.75,0.0080862533692722,4,14.960319397461255,171,78,109,542704138,/sfs/ceph/standard/gam_ai_group/people_scratch/ethan hirai/GrowthNet/analysis/synthetic_lollipop_v1/masks/744_0_0_synthetic_lollipop.nii.gz,True
744_2_478,/Users/kvothearcane/Personal/Coding Projects/GrowthNet/rivanna_pull/analysis/synthetic_lollipop_v1/masks/744_2_478_synthetic_lollipop.nii.gz,875.375,876.0,0.625,0.0007139797229758,5,13.895039127125616,68,169,135,2213822792,/sfs/ceph/standard/gam_ai_group/people_scratch/ethan hirai/GrowthNet/analysis/synthetic_lollipop_v1/masks/744_2_478_synthetic_lollipop.nii.gz,True
745_1_403,/Users/kvothearcane/Personal/Coding Projects/GrowthNet/rivanna_pull/analysis/synthetic_lollipop_v1/masks/745_1_403_synthetic_lollipop.nii.gz,146.375,149.0,2.625,0.0179333902647309,8,10.44825211759176,123,126,25,3824881180,/sfs/ceph/standard/gam_ai_group/people_scratch/ethan hirai/GrowthNet/analysis/synthetic_lollipop_v1/masks/745_1_403_synthetic_lollipop.nii.gz,True
745_2_589,/Users/kvothearcane/Personal/Coding Projects/GrowthNet/rivanna_pull/analysis/synthetic_lollipop_v1/masks/745_2_589_synthetic_lollipop.nii.gz,250.625,252.0,1.375,0.0054862842892768,5,11.570419202059009,28,68,117,1615298195,/sfs/ceph/standard/gam_ai_group/people_scratch/ethan hirai/GrowthNet/analysis/synthetic_lollipop_v1/masks/745_2_589_synthetic_lollipop.nii.gz,True
747_1_6,/Users/kvothearcane/Personal/Coding Projects/GrowthNet/rivanna_pull/analysis/synthetic_lollipop_v1/masks/747_1_6_synthetic_lollipop.nii.gz,1080.25,1071.0,-9.25,0.0085628326776209,6,15.144943336369806,66,162,84,2786812942,/sfs/ceph/standard/gam_ai_group/people_scratch/ethan hirai/GrowthNet/analysis/synthetic_lollipop_v1/masks/747_1_6_synthetic_lollipop.nii.gz,True
747_2_201,/Users/kvothearcane/Personal/Coding Projects/GrowthNet/rivanna_pull/analysis/synthetic_lollipop_v1/masks/747_2_201_synthetic_lollipop.nii.gz,1120.25,1091.0,-29.25,0.0261102432492747,5,14.110261262685954,108,64,80,2790585010,/sfs/ceph/standard/gam_ai_group/people_scratch/ethan hirai/GrowthNet/analysis/synthetic_lollipop_v1/masks/747_2_201_synthetic_lollipop.nii.gz,True
747_3_565,/Users/kvothearcane/Personal/Coding Projects/GrowthNet/rivanna_pull/analysis/synthetic_lollipop_v1/masks/747_3_565_synthetic_lollipop.nii.gz,1140.25,1107.0,-33.25,0.0291602718702039,4,14.684363810333783,116,56,154,2618935435,/sfs/ceph/standard/gam_ai_group/people_scratch/ethan hirai/GrowthNet/analysis/synthetic_lollipop_v1/masks/747_3_565_synthetic_lollipop.nii.gz,True
