artifact_type,case_id,path,exists,size_bytes,rows,sha256,notes
pulled_feature_csv,,rivanna_pull/analysis/synthetic_lollipop_v1/synthetic_lollipop_features.csv,True,226887,261,35f2320a27f5395c339a401a0a1233639d08abe072120d76922307eeab18ac7a,Stored synthetic feature table under investigation.
pulled_feature_json,,rivanna_pull/analysis/synthetic_lollipop_v1/synthetic_lollipop_features.json,True,688480,,d2393dfe18f9fbc13e6d2c52058fc48219ac5454de336e92e05eb6579bdf8450,JSON companion to stored synthetic feature table.
pulled_feature_summary,,rivanna_pull/analysis/synthetic_lollipop_v1/synthetic_lollipop_feature_summary.json,True,2074,,a78ba6e33ad0709ab0a62e851481e90715d561520939bf8bee3f718aad2ce371,Stored summary generated with pulled synthetic table.
pulled_manifest,,rivanna_pull/analysis/synthetic_lollipop_v1/manifests/synthetic_lollipop_manifest.csv,True,61148,261,08809ebfce66aad6d76a35672936e85849404c183553249700f6ea4689d85e93,Generation manifest paired with local masks by case_id.
real_targets_manifest,,rivanna_pull/analysis/synthetic_lollipop_v1/manifests/real_single_component_targets.csv,True,4703,261,dbd8d131f238bef7e805dcf6bb7695c6566253727346feea13da6efd911c0d55,Real single-component targets used by the synthetic benchmark.
current_extractor,,scripts/extract_real_tumor_features.py,True,28025,,681fc273340f1a5f9e696df341a270feea8ab6ab115402bbb625717144e72e93,Current local feature extraction code path.
rivanna_pulled_extractor,,rivanna_pull/scripts/extract_real_tumor_features.py,True,28025,,681fc273340f1a5f9e696df341a270feea8ab6ab115402bbb625717144e72e93,Pulled extractor script copy.
current_generator,,scripts/generate_synthetic_lollipop_cohort.py,True,15593,,716070b9fa4cfb8ad01377ed88ab0e0b75c5fa87310ace79a8ebe0d29f094efa,Current local cohort generator; read-only evidence.
rivanna_pulled_generator,,rivanna_pull/scripts/generate_synthetic_lollipop_cohort.py,True,13926,,6efdc3f3b4e161e96f30ad2d0f843aaf786b8bcbc421b7b19b920059c84e5ab9,Pulled generator script copy; read-only evidence.
prior_full_reextract,,analysis/real_vs_synthetic/synthetic_features_reextracted_local.csv,True,224613,261,36364003e57925b8e11a38490a9b50eb1d30b449435dc7fa551ac0964664a5b7,Prior local full re-extraction table in analysis/real_vs_synthetic.
prior_metric_drift,,analysis/real_vs_synthetic/synthetic_pulled_vs_reextracted_metric_drift.csv,True,1436,14,107debdffc82e363ecc5cdc1504f773c912885652a1098045f2a07a38adfd14d,Prior local pulled-vs-reextracted drift summary.
prior_validation_report,,analysis/real_vs_synthetic/LOCAL_VALIDATION_REPORT.md,True,13965,,9905f5ed99a4dbdfc3e74abe6cb5f1be9ee2dd15e60f67fb1943d0197f05820a,Prior morphology validation report.
local_synthetic_mask,126_1_312,rivanna_pull/analysis/synthetic_lollipop_v1/masks/126_1_312_synthetic_lollipop.nii.gz,True,7404,,24765d093ade2920a6b65493d589cb7e4318d7e3d7ca5ecb2dbe6146b5224481,mask_voxels=198; mask_volume_mm3=198; manifest_realized=198; in_pulled_features=True; shape=118x118x118; spacing=1x1x1
local_synthetic_mask,126_2_582,rivanna_pull/analysis/synthetic_lollipop_v1/masks/126_2_582_synthetic_lollipop.nii.gz,True,9624,,774f6da078c3f75c241c11ee15a5c8ab8d63b07712d5b7bec3e1d7c818521dae,mask_voxels=307; mask_volume_mm3=307; manifest_realized=307; in_pulled_features=True; shape=129x129x129; spacing=1x1x1
local_synthetic_mask,126_3_921,rivanna_pull/analysis/synthetic_lollipop_v1/masks/126_3_921_synthetic_lollipop.nii.gz,True,11894,,5d945485297bf413f3a1c22c7b718d1d19682d4825a83acf2d5ef34228943555,mask_voxels=482; mask_volume_mm3=482; manifest_realized=482; in_pulled_features=True; shape=138x138x138; spacing=1x1x1
local_synthetic_mask,126_4_1231,rivanna_pull/analysis/synthetic_lollipop_v1/masks/126_4_1231_synthetic_lollipop.nii.gz,True,12776,,03fd1f2a1352644ffbb4b791319e16c295c5ee99d2c491e3a213e1db751b19bd,mask_voxels=855; mask_volume_mm3=855; manifest_realized=855; in_pulled_features=True; shape=141x141x141; spacing=1x1x1
local_synthetic_mask,126_5_1607,rivanna_pull/analysis/synthetic_lollipop_v1/masks/126_5_1607_synthetic_lollipop.nii.gz,True,37234,,636c3acce0e334a92d4982c9a86ae0eca609f82f6103672d3d420aa65ecabe22,mask_voxels=3396; mask_volume_mm3=3396; manifest_realized=3396; in_pulled_features=True; shape=202x202x202; spacing=1x1x1
local_synthetic_mask,132_0_0,rivanna_pull/analysis/synthetic_lollipop_v1/masks/132_0_0_synthetic_lollipop.nii.gz,True,51342,,0bab4834eff5087757b174181d6e7fb3aec182cb004db4399b54e1e111ba733b,mask_voxels=7674; mask_volume_mm3=7674; manifest_realized=7674; in_pulled_features=True; shape=224x224x224; spacing=1x1x1
local_synthetic_mask,132_1_148,rivanna_pull/analysis/synthetic_lollipop_v1/masks/132_1_148_synthetic_lollipop.nii.gz,True,51673,,cd383988734a13df3eef4ad1f1fef51eded752aedc478bb20e32a24d336e745a,mask_voxels=10057; mask_volume_mm3=10057; manifest_realized=10057; in_pulled_features=True; shape=224x224x224; spacing=1x1x1
local_synthetic_mask,132_2_232,rivanna_pull/analysis/synthetic_lollipop_v1/masks/132_2_232_synthetic_lollipop.nii.gz,True,51520,,ec15240667441a9a15775129b8b8d84f00e90618d0d31e6515673ad193f3f3f1,mask_voxels=8812; mask_volume_mm3=8812; manifest_realized=8812; in_pulled_features=True; shape=224x224x224; spacing=1x1x1
local_synthetic_mask,137_0_0,rivanna_pull/analysis/synthetic_lollipop_v1/masks/137_0_0_synthetic_lollipop.nii.gz,True,5223,,f7cfdb569004874e153dbc8c9ea58b6be7715295f014cb218825a911fb639587,mask_voxels=91; mask_volume_mm3=91; manifest_realized=91; in_pulled_features=True; shape=105x105x105; spacing=1x1x1
local_synthetic_mask,137_1_571,rivanna_pull/analysis/synthetic_lollipop_v1/masks/137_1_571_synthetic_lollipop.nii.gz,True,6819,,f771a5c066c13d952d8eb8e456c2e11db856aaaffb77baa20d18f218759fde93,mask_voxels=117; mask_volume_mm3=117; manifest_realized=117; in_pulled_features=True; shape=115x115x115; spacing=1x1x1
local_synthetic_mask,137_2_2111,rivanna_pull/analysis/synthetic_lollipop_v1/masks/137_2_2111_synthetic_lollipop.nii.gz,True,6852,,5611030ba79a4330362d5ca5a57046ed9d5eb1575df57c12e9334e72f9ccff9e,mask_voxels=170; mask_volume_mm3=170; manifest_realized=170; in_pulled_features=True; shape=115x115x115; spacing=1x1x1
local_synthetic_mask,140_0_0,rivanna_pull/analysis/synthetic_lollipop_v1/masks/140_0_0_synthetic_lollipop.nii.gz,True,5973,,d1b18e54e59d85945aeb350362d13766fbb5057058c1e8b4125ca074f83d6d12,mask_voxels=96; mask_volume_mm3=96; manifest_realized=96; in_pulled_features=True; shape=110x110x110; spacing=1x1x1
local_synthetic_mask,140_2_780,rivanna_pull/analysis/synthetic_lollipop_v1/masks/140_2_780_synthetic_lollipop.nii.gz,True,5826,,61c00317da636ba6a719622e48c1a87831675a386143b7a0b76f23c1532e0229,mask_voxels=94; mask_volume_mm3=94; manifest_realized=94; in_pulled_features=True; shape=109x109x109; spacing=1x1x1
local_synthetic_mask,169_0_0,rivanna_pull/analysis/synthetic_lollipop_v1/masks/169_0_0_synthetic_lollipop.nii.gz,True,10343,,5e24c9f41ac209097f593d484893bd7f247cb7358d57f4da31461c4828f52f05,mask_voxels=265; mask_volume_mm3=265; manifest_realized=265; in_pulled_features=True; shape=132x132x132; spacing=1x1x1
local_synthetic_mask,169_1_184,rivanna_pull/analysis/synthetic_lollipop_v1/masks/169_1_184_synthetic_lollipop.nii.gz,True,13132,,7e11b0fd3c99944f6d47ca6780fcc61273b96738cf05b4fa2e4d5208cb2cbf4f,mask_voxels=461; mask_volume_mm3=461; manifest_realized=461; in_pulled_features=True; shape=143x143x143; spacing=1x1x1
local_synthetic_mask,170_0_0,rivanna_pull/analysis/synthetic_lollipop_v1/masks/170_0_0_synthetic_lollipop.nii.gz,True,7004,,e556a35327f3e1fdd7bdbe113a678093097059425cc6e3619336e9b956047afc,mask_voxels=132; mask_volume_mm3=132; manifest_realized=132; in_pulled_features=True; shape=116x116x116; spacing=1x1x1
local_synthetic_mask,170_1_176,rivanna_pull/analysis/synthetic_lollipop_v1/masks/170_1_176_synthetic_lollipop.nii.gz,True,2196,,a9a985a53d4e074a73dcd863cbab9ad11b9f6944db5b2b376af544e2eceaebef,mask_voxels=20; mask_volume_mm3=20; manifest_realized=20; in_pulled_features=True; shape=78x78x78; spacing=1x1x1
local_synthetic_mask,170_2_382,rivanna_pull/analysis/synthetic_lollipop_v1/masks/170_2_382_synthetic_lollipop.nii.gz,True,5224,,d5ffbdb7581d4ca0d9ac5078f293bede2ef73bc435668cf9fcb912a924d0ce3e,mask_voxels=78; mask_volume_mm3=78; manifest_realized=78; in_pulled_features=True; shape=105x105x105; spacing=1x1x1
local_synthetic_mask,170_3_732,rivanna_pull/analysis/synthetic_lollipop_v1/masks/170_3_732_synthetic_lollipop.nii.gz,True,4549,,fd313665a147d55004572faab6ce41e79fa900e1ecf6d5e1fdfbeac3c160a073,mask_voxels=69; mask_volume_mm3=69; manifest_realized=69; in_pulled_features=True; shape=100x100x100; spacing=1x1x1
local_synthetic_mask,190_1_150,rivanna_pull/analysis/synthetic_lollipop_v1/masks/190_1_150_synthetic_lollipop.nii.gz,True,7551,,c4c25b7cbfb6dc1d1cf4c594a1ccce4f409271ebe2f112923cb76093ec3b1b9a,mask_voxels=132; mask_volume_mm3=132; manifest_realized=132; in_pulled_features=True; shape=119x119x119; spacing=1x1x1
local_synthetic_mask,190_2_1367,rivanna_pull/analysis/synthetic_lollipop_v1/masks/190_2_1367_synthetic_lollipop.nii.gz,True,4940,,40d3fc6684edc8565565641b4a5832cdad8d2f9f65016e289e4130e64fd94ffd,mask_voxels=82; mask_volume_mm3=82; manifest_realized=82; in_pulled_features=True; shape=103x103x103; spacing=1x1x1
local_synthetic_mask,199_0_0,rivanna_pull/analysis/synthetic_lollipop_v1/masks/199_0_0_synthetic_lollipop.nii.gz,True,8943,,08c54364778ffecd67dd31968fc392eb567ebc13a0e210f0dd36ae82adb6b791,mask_voxels=189; mask_volume_mm3=189; manifest_realized=189; in_pulled_features=True; shape=126x126x126; spacing=1x1x1
local_synthetic_mask,199_2_292,rivanna_pull/analysis/synthetic_lollipop_v1/masks/199_2_292_synthetic_lollipop.nii.gz,True,9872,,14eb9052fef3f2bd8bbce5433075a4a4f8a6cb9ff163486e5fdc91f66291bccd,mask_voxels=301; mask_volume_mm3=301; manifest_realized=301; in_pulled_features=True; shape=130x130x130; spacing=1x1x1
local_synthetic_mask,200_0_0,rivanna_pull/analysis/synthetic_lollipop_v1/masks/200_0_0_synthetic_lollipop.nii.gz,True,9644,,a8864397b56797c237e38dca6faf66e1b0a2d2e1b67e3782903f9d52fe1d9a67,mask_voxels=307; mask_volume_mm3=307; manifest_realized=307; in_pulled_features=True; shape=129x129x129; spacing=1x1x1
local_synthetic_mask,200_1_45,rivanna_pull/analysis/synthetic_lollipop_v1/masks/200_1_45_synthetic_lollipop.nii.gz,True,9861,,39297affafb0bf58551beeafa7343e7f96f29ca2b8535130bd05598bdf46044a,mask_voxels=311; mask_volume_mm3=311; manifest_realized=311; in_pulled_features=True; shape=130x130x130; spacing=1x1x1
local_synthetic_mask,206_0_0,rivanna_pull/analysis/synthetic_lollipop_v1/masks/206_0_0_synthetic_lollipop.nii.gz,True,7389,,f748dc13e46ad5fc9b2abe727a2ad2c1f122d62e1cd79339bef6b458786041fa,mask_voxels=160; mask_volume_mm3=160; manifest_realized=160; in_pulled_features=True; shape=118x118x118; spacing=1x1x1
local_synthetic_mask,206_1_356,rivanna_pull/analysis/synthetic_lollipop_v1/masks/206_1_356_synthetic_lollipop.nii.gz,True,10601,,e32a5904f4f1a6a82cc311b4b4c0dded8e35e8f21e6c7c6a5ca8dcecf67f1fa2,mask_voxels=424; mask_volume_mm3=424; manifest_realized=424; in_pulled_features=True; shape=133x133x133; spacing=1x1x1
local_synthetic_mask,207_0_0,rivanna_pull/analysis/synthetic_lollipop_v1/masks/207_0_0_synthetic_lollipop.nii.gz,True,3562,,8a5f017927f1d4698ed2e768cb67183d7d11573477b99f4df3770b2dcbee9ceb,mask_voxels=47; mask_volume_mm3=47; manifest_realized=47; in_pulled_features=True; shape=92x92x92; spacing=1x1x1
local_synthetic_mask,207_1_291,rivanna_pull/analysis/synthetic_lollipop_v1/masks/207_1_291_synthetic_lollipop.nii.gz,True,4410,,30dd2a77da676d128e462d18698d599444f3ac68de366223740a49a89b7b5669,mask_voxels=66; mask_volume_mm3=66; manifest_realized=66; in_pulled_features=True; shape=99x99x99; spacing=1x1x1
local_synthetic_mask,207_2_651,rivanna_pull/analysis/synthetic_lollipop_v1/masks/207_2_651_synthetic_lollipop.nii.gz,True,6313,,9c9b48549915cb98f8a1aef615eccb1325fa17133cdbe14131ade6343d7267e6,mask_voxels=114; mask_volume_mm3=114; manifest_realized=114; in_pulled_features=True; shape=112x112x112; spacing=1x1x1
local_synthetic_mask,207_3_1194,rivanna_pull/analysis/synthetic_lollipop_v1/masks/207_3_1194_synthetic_lollipop.nii.gz,True,5366,,6ca76be381565b9f148f11fc6a2c6403d59ee37027aecde93e3110bbef048546,mask_voxels=92; mask_volume_mm3=92; manifest_realized=92; in_pulled_features=True; shape=106x106x106; spacing=1x1x1
local_synthetic_mask,207_4_1986,rivanna_pull/analysis/synthetic_lollipop_v1/masks/207_4_1986_synthetic_lollipop.nii.gz,True,4157,,a83b8e54ab763b315b53d1427bef958eefb5022db6ac234b0dbe927e360d03dc,mask_voxels=65; mask_volume_mm3=65; manifest_realized=65; in_pulled_features=True; shape=97x97x97; spacing=1x1x1
local_synthetic_mask,210_1_162,rivanna_pull/analysis/synthetic_lollipop_v1/masks/210_1_162_synthetic_lollipop.nii.gz,True,11522,,8f3e1743390c881edd0a19303785f471050faefc45174ad9953d24696b09d322,mask_voxels=374; mask_volume_mm3=374; manifest_realized=374; in_pulled_features=True; shape=137x137x137; spacing=1x1x1
local_synthetic_mask,218_0_0,rivanna_pull/analysis/synthetic_lollipop_v1/masks/218_0_0_synthetic_lollipop.nii.gz,True,5676,,ce060f985a55f08d4ec47433a240330bfe3c6af1f61d33471020d7bb7a83f3ea,mask_voxels=92; mask_volume_mm3=92; manifest_realized=92; in_pulled_features=True; shape=108x108x108; spacing=1x1x1
local_synthetic_mask,218_1_199,rivanna_pull/analysis/synthetic_lollipop_v1/masks/218_1_199_synthetic_lollipop.nii.gz,True,8767,,ef6bea25fbe257d2b1e2d500fe8ef1301e8407f74925571ca1d2bca805918a49,mask_voxels=193; mask_volume_mm3=193; manifest_realized=193; in_pulled_features=True; shape=125x125x125; spacing=1x1x1
local_synthetic_mask,235_0_0,rivanna_pull/analysis/synthetic_lollipop_v1/masks/235_0_0_synthetic_lollipop.nii.gz,True,1619,,99ebd191795ba1a0133a80bd86bbfe9e1e2598c414ead35cc9c6b47111032996,mask_voxels=9; mask_volume_mm3=9; manifest_realized=9; in_pulled_features=True; shape=70x70x70; spacing=1x1x1
local_synthetic_mask,235_1_328,rivanna_pull/analysis/synthetic_lollipop_v1/masks/235_1_328_synthetic_lollipop.nii.gz,True,7742,,c9d10267e8db51cf5c151f22ddbb4226a0906022a7b8efb019641ee918a93031,mask_voxels=175; mask_volume_mm3=175; manifest_realized=175; in_pulled_features=True; shape=120x120x120; spacing=1x1x1
local_synthetic_mask,235_3_552,rivanna_pull/analysis/synthetic_lollipop_v1/masks/235_3_552_synthetic_lollipop.nii.gz,True,7193,,167e70b4d25206caeb1ddacb15344bfd7bef18756fb5dbf6d0dbc0b614cd7262,mask_voxels=128; mask_volume_mm3=128; manifest_realized=128; in_pulled_features=True; shape=117x117x117; spacing=1x1x1
local_synthetic_mask,270_0_0,rivanna_pull/analysis/synthetic_lollipop_v1/masks/270_0_0_synthetic_lollipop.nii.gz,True,8572,,59f14308ad4743669384b7b374e4da9c47ea16c1c225f06a73c389f02a17fa7c,mask_voxels=239; mask_volume_mm3=239; manifest_realized=239; in_pulled_features=True; shape=124x124x124; spacing=1x1x1
local_synthetic_mask,270_1_324,rivanna_pull/analysis/synthetic_lollipop_v1/masks/270_1_324_synthetic_lollipop.nii.gz,True,6476,,c6eb18fabbc2160a2db18f3f0ca707bf7b3412e84a94c896c0e24b8e54cefdcb,mask_voxels=104; mask_volume_mm3=104; manifest_realized=104; in_pulled_features=True; shape=113x113x113; spacing=1x1x1
local_synthetic_mask,286_0_0,rivanna_pull/analysis/synthetic_lollipop_v1/masks/286_0_0_synthetic_lollipop.nii.gz,True,11476,,5c8b1035c5735acd012a53761e557e1968c17a92e5868a6e0299f2b20230522f,mask_voxels=776; mask_volume_mm3=776; manifest_realized=776; in_pulled_features=True; shape=136x136x136; spacing=1x1x1
local_synthetic_mask,286_1_190,rivanna_pull/analysis/synthetic_lollipop_v1/masks/286_1_190_synthetic_lollipop.nii.gz,True,16300,,1a47063c59e7724d2595a8d98b3844e5d5e667ff840e2bc208e6f0f9a6eef269,mask_voxels=1304; mask_volume_mm3=1304; manifest_realized=1304; in_pulled_features=True; shape=153x153x153; spacing=1x1x1
local_synthetic_mask,286_2_297,rivanna_pull/analysis/synthetic_lollipop_v1/masks/286_2_297_synthetic_lollipop.nii.gz,True,22998,,2373d26bf1dda4bcbcb39d36f7e7addef1ceb27ac8a6530bd744e4391f334a01,mask_voxels=1565; mask_volume_mm3=1565; manifest_realized=1565; in_pulled_features=True; shape=172x172x172; spacing=1x1x1
local_synthetic_mask,301_0_0,rivanna_pull/analysis/synthetic_lollipop_v1/masks/301_0_0_synthetic_lollipop.nii.gz,True,1829,,8abd5f30d1e22701392137036256dbeedb39d95fd35ff51209e6a35d83204701,mask_voxels=12; mask_volume_mm3=12; manifest_realized=12; in_pulled_features=True; shape=73x73x73; spacing=1x1x1
local_synthetic_mask,301_1_229,rivanna_pull/analysis/synthetic_lollipop_v1/masks/301_1_229_synthetic_lollipop.nii.gz,True,1895,,24a0b3a4cad80528cb71ca85828383bc48e4c1f380771bfbed5b9f9d89eb8b03,mask_voxels=14; mask_volume_mm3=14; manifest_realized=14; in_pulled_features=True; shape=74x74x74; spacing=1x1x1
local_synthetic_mask,301_2_614,rivanna_pull/analysis/synthetic_lollipop_v1/masks/301_2_614_synthetic_lollipop.nii.gz,True,1897,,13cf314410349a176752e37e3053c4aef9966f29f62c7ba0f7939c1c5e50bdb3,mask_voxels=13; mask_volume_mm3=13; manifest_realized=13; in_pulled_features=True; shape=74x74x74; spacing=1x1x1
local_synthetic_mask,304_0_0,rivanna_pull/analysis/synthetic_lollipop_v1/masks/304_0_0_synthetic_lollipop.nii.gz,True,11088,,5f352f080c2666f490640cecfecf69356da7677b11fde650a1411a82b1deafe4,mask_voxels=547; mask_volume_mm3=547; manifest_realized=547; in_pulled_features=True; shape=135x135x135; spacing=1x1x1
local_synthetic_mask,304_1_206,rivanna_pull/analysis/synthetic_lollipop_v1/masks/304_1_206_synthetic_lollipop.nii.gz,True,11186,,eb45c838a17cae3c4eaa2a36bf12a69d6cc3222124607837935e4cd9f8beb106,mask_voxels=648; mask_volume_mm3=648; manifest_realized=648; in_pulled_features=True; shape=135x135x135; spacing=1x1x1
local_synthetic_mask,309_1_177,rivanna_pull/analysis/synthetic_lollipop_v1/masks/309_1_177_synthetic_lollipop.nii.gz,True,3777,,66ceed7f55815276301ee9d9d20dc44c02ca696c331a2173281c17a0521bbaf1,mask_voxels=43; mask_volume_mm3=43; manifest_realized=43; in_pulled_features=True; shape=94x94x94; spacing=1x1x1
local_synthetic_mask,309_2_546,rivanna_pull/analysis/synthetic_lollipop_v1/masks/309_2_546_synthetic_lollipop.nii.gz,True,7749,,e2faf5e35d1986c68b734d24cf31e4763eba508f558647086eacae8caa52dd61,mask_voxels=159; mask_volume_mm3=159; manifest_realized=159; in_pulled_features=True; shape=120x120x120; spacing=1x1x1
local_synthetic_mask,309_3_917,rivanna_pull/analysis/synthetic_lollipop_v1/masks/309_3_917_synthetic_lollipop.nii.gz,True,3671,,50acf5b3b5fabb2f09f7f66ce47119f66c1037ea9e2075ccfa32623db25b64ac,mask_voxels=46; mask_volume_mm3=46; manifest_realized=46; in_pulled_features=True; shape=93x93x93; spacing=1x1x1
local_synthetic_mask,320_1_183,rivanna_pull/analysis/synthetic_lollipop_v1/masks/320_1_183_synthetic_lollipop.nii.gz,True,11510,,5f3bf9510d08d554f0556a471cca5d517782379ef54fdd7aac5fe3310f224149,mask_voxels=322; mask_volume_mm3=322; manifest_realized=322; in_pulled_features=True; shape=137x137x137; spacing=1x1x1
local_synthetic_mask,320_2_225,rivanna_pull/analysis/synthetic_lollipop_v1/masks/320_2_225_synthetic_lollipop.nii.gz,True,12088,,bbb8a84d5cd5efa89866479869987a5ed325ad8e8591c81bf9438f0149c4c5b9,mask_voxels=439; mask_volume_mm3=439; manifest_realized=439; in_pulled_features=True; shape=139x139x139; spacing=1x1x1
local_synthetic_mask,333_1_279,rivanna_pull/analysis/synthetic_lollipop_v1/masks/333_1_279_synthetic_lollipop.nii.gz,True,14751,,d9a06d98fbdab30bfc395546b30303cd086a273309bcb97b50a1da2548e4cd4d,mask_voxels=1063; mask_volume_mm3=1063; manifest_realized=1063; in_pulled_features=True; shape=148x148x148; spacing=1x1x1
local_synthetic_mask,339_1_248,rivanna_pull/analysis/synthetic_lollipop_v1/masks/339_1_248_synthetic_lollipop.nii.gz,True,17940,,557af61afc2812d7fdb3ec2aa95f43eb4a02bdf75e57522a448a1ce89862b315,mask_voxels=1317; mask_volume_mm3=1317; manifest_realized=1317; in_pulled_features=True; shape=158x158x158; spacing=1x1x1
local_synthetic_mask,339_2_430,rivanna_pull/analysis/synthetic_lollipop_v1/masks/339_2_430_synthetic_lollipop.nii.gz,True,16886,,f413ac74e7d46b2b37ca01fdc45531d8db2a8c270449716c814db4a33e9eef30,mask_voxels=1131; mask_volume_mm3=1131; manifest_realized=1131; in_pulled_features=True; shape=155x155x155; spacing=1x1x1
local_synthetic_mask,385_0_0,rivanna_pull/analysis/synthetic_lollipop_v1/masks/385_0_0_synthetic_lollipop.nii.gz,True,12561,,de9b8e6c0e5bfc8529c451b6ba5552d7aa3de311a6318dffa7d5e6cb706365ee,mask_voxels=363; mask_volume_mm3=363; manifest_realized=363; in_pulled_features=True; shape=141x141x141; spacing=1x1x1
local_synthetic_mask,385_1_476,rivanna_pull/analysis/synthetic_lollipop_v1/masks/385_1_476_synthetic_lollipop.nii.gz,True,9157,,535ce9bd776a50cb1c7d1c24f6e29f4941bbf8561ca91c838de1dc1260d172e2,mask_voxels=203; mask_volume_mm3=203; manifest_realized=203; in_pulled_features=True; shape=127x127x127; spacing=1x1x1
local_synthetic_mask,395_0_0,rivanna_pull/analysis/synthetic_lollipop_v1/masks/395_0_0_synthetic_lollipop.nii.gz,True,4143,,cb93632fcf874636075b5401d1aec053dbf340c97cbacdff8a1a06515cc9ca2c,mask_voxels=47; mask_volume_mm3=47; manifest_realized=47; in_pulled_features=True; shape=97x97x97; spacing=1x1x1
local_synthetic_mask,395_1_1985,rivanna_pull/analysis/synthetic_lollipop_v1/masks/395_1_1985_synthetic_lollipop.nii.gz,True,4405,,856ab052bfaa37298b31b019e414885fedc714af0fd7747e3da1c22ad6b2f1a2,mask_voxels=53; mask_volume_mm3=53; manifest_realized=53; in_pulled_features=True; shape=99x99x99; spacing=1x1x1
local_synthetic_mask,418_1_1056,rivanna_pull/analysis/synthetic_lollipop_v1/masks/418_1_1056_synthetic_lollipop.nii.gz,True,9151,,a21cc485fe9ab8484446d9e253ca7a15ece99df29ccfd1d397a4cea883849d03,mask_voxels=169; mask_volume_mm3=169; manifest_realized=169; in_pulled_features=True; shape=127x127x127; spacing=1x1x1
local_synthetic_mask,418_2_1238,rivanna_pull/analysis/synthetic_lollipop_v1/masks/418_2_1238_synthetic_lollipop.nii.gz,True,10036,,3e9582dfdaa2f5a1d604949324fb3a8f93d53cf73c771e4265cdd161a5c6ab13,mask_voxels=249; mask_volume_mm3=249; manifest_realized=249; in_pulled_features=True; shape=131x131x131; spacing=1x1x1
local_synthetic_mask,418_3_1428,rivanna_pull/analysis/synthetic_lollipop_v1/masks/418_3_1428_synthetic_lollipop.nii.gz,True,11766,,044cd1603e90fd22fa9764f70cfa85ef46950360131740859befd2520b314135,mask_voxels=270; mask_volume_mm3=270; manifest_realized=270; in_pulled_features=True; shape=138x138x138; spacing=1x1x1
local_synthetic_mask,421_1_264,rivanna_pull/analysis/synthetic_lollipop_v1/masks/421_1_264_synthetic_lollipop.nii.gz,True,1824,,3ecfb7a8abd7d9b68220017a200660872ffbdb6df899242d3f355e77c3639b2b,mask_voxels=13; mask_volume_mm3=13; manifest_realized=13; in_pulled_features=True; shape=73x73x73; spacing=1x1x1
local_synthetic_mask,421_2_1633,rivanna_pull/analysis/synthetic_lollipop_v1/masks/421_2_1633_synthetic_lollipop.nii.gz,True,2121,,c2ff8689287b0bee373672bf53422250dc3dd01e5350a1d3ae8c494fb219fb50,mask_voxels=14; mask_volume_mm3=14; manifest_realized=14; in_pulled_features=True; shape=77x77x77; spacing=1x1x1
local_synthetic_mask,421_4_3550,rivanna_pull/analysis/synthetic_lollipop_v1/masks/421_4_3550_synthetic_lollipop.nii.gz,True,3006,,3b49810cf484a5c401f534fdc481e44180de707891c4b883a4bf95cfd1b4fa87,mask_voxels=32; mask_volume_mm3=32; manifest_realized=32; in_pulled_features=True; shape=87x87x87; spacing=1x1x1
local_synthetic_mask,424_4_2863,rivanna_pull/analysis/synthetic_lollipop_v1/masks/424_4_2863_synthetic_lollipop.nii.gz,True,8150,,9a829794c274ca62c461b70368e73c549ce832ff7cd79658beaaabc270aad1e2,mask_voxels=202; mask_volume_mm3=202; manifest_realized=202; in_pulled_features=True; shape=122x122x122; spacing=1x1x1
local_synthetic_mask,424_5_4003,rivanna_pull/analysis/synthetic_lollipop_v1/masks/424_5_4003_synthetic_lollipop.nii.gz,True,7571,,4b6d4c43971dfbec1f69c66f1785f4b7f709cfbcd4bfb2c499c0020d0ce801ef,mask_voxels=164; mask_volume_mm3=164; manifest_realized=164; in_pulled_features=True; shape=119x119x119; spacing=1x1x1
local_synthetic_mask,424_6_4194,rivanna_pull/analysis/synthetic_lollipop_v1/masks/424_6_4194_synthetic_lollipop.nii.gz,True,7760,,d40ea018249271a64b7177d12ad1b2c43637fc096a887c73bc84bd2238fa2051,mask_voxels=185; mask_volume_mm3=185; manifest_realized=185; in_pulled_features=True; shape=120x120x120; spacing=1x1x1
local_synthetic_mask,434_0_0,rivanna_pull/analysis/synthetic_lollipop_v1/masks/434_0_0_synthetic_lollipop.nii.gz,True,6465,,6f2d7b2baff724fda4387d52c71a5cd0af5bdc7c8ae54224309839b83bb7ee6b,mask_voxels=106; mask_volume_mm3=106; manifest_realized=106; in_pulled_features=True; shape=113x113x113; spacing=1x1x1
local_synthetic_mask,434_1_160,rivanna_pull/analysis/synthetic_lollipop_v1/masks/434_1_160_synthetic_lollipop.nii.gz,True,10542,,87ed663dc8b0eb6354244519bf056b9e3ce744a7fe450ce79cd59a88baae5acd,mask_voxels=278; mask_volume_mm3=278; manifest_realized=278; in_pulled_features=True; shape=133x133x133; spacing=1x1x1
local_synthetic_mask,437_0_0,rivanna_pull/analysis/synthetic_lollipop_v1/masks/437_0_0_synthetic_lollipop.nii.gz,True,16221,,2499cd27592911bba7833a466cfe51725c7789e6fa5d53c73599dbb1c12fd142,mask_voxels=1258; mask_volume_mm3=1258; manifest_realized=1258; in_pulled_features=True; shape=153x153x153; spacing=1x1x1
local_synthetic_mask,439_0_0,rivanna_pull/analysis/synthetic_lollipop_v1/masks/439_0_0_synthetic_lollipop.nii.gz,True,1379,,d92661ebb642956326eecc3f29d7244643c391dfb721633a4cccb47a327c11a2,mask_voxels=8; mask_volume_mm3=8; manifest_realized=8; in_pulled_features=True; shape=66x66x66; spacing=1x1x1
local_synthetic_mask,439_1_12,rivanna_pull/analysis/synthetic_lollipop_v1/masks/439_1_12_synthetic_lollipop.nii.gz,True,2726,,0c7500a9a397c6618c48d845fccf85c67e9780cf0d9538b4907e9daa82f92a81,mask_voxels=31; mask_volume_mm3=31; manifest_realized=31; in_pulled_features=True; shape=84x84x84; spacing=1x1x1
local_synthetic_mask,439_2_209,rivanna_pull/analysis/synthetic_lollipop_v1/masks/439_2_209_synthetic_lollipop.nii.gz,True,4281,,f258afb023472745f1d447e9478cf1dafc5cfd8d4208379b1608a364da878fc8,mask_voxels=69; mask_volume_mm3=69; manifest_realized=69; in_pulled_features=True; shape=98x98x98; spacing=1x1x1
local_synthetic_mask,439_3_437,rivanna_pull/analysis/synthetic_lollipop_v1/masks/439_3_437_synthetic_lollipop.nii.gz,True,4538,,3d963498bb8e845f1f64be952f87ecdfc23194c37ef7a027e0fc9027f1f7b3e3,mask_voxels=66; mask_volume_mm3=66; manifest_realized=66; in_pulled_features=True; shape=100x100x100; spacing=1x1x1
local_synthetic_mask,439_4_489,rivanna_pull/analysis/synthetic_lollipop_v1/masks/439_4_489_synthetic_lollipop.nii.gz,True,7174,,bba77af29cb8dfcfd28b2e44aa1a564811c67c42982b473d018fe1baed5049cf,mask_voxels=130; mask_volume_mm3=130; manifest_realized=130; in_pulled_features=True; shape=117x117x117; spacing=1x1x1
local_synthetic_mask,442_1_282,rivanna_pull/analysis/synthetic_lollipop_v1/masks/442_1_282_synthetic_lollipop.nii.gz,True,7366,,0f763b8cb635fbf154cd512a6581f0223eab522683b2c8b2e6c6afac04164a6b,mask_voxels=115; mask_volume_mm3=115; manifest_realized=115; in_pulled_features=True; shape=118x118x118; spacing=1x1x1
local_synthetic_mask,442_2_702,rivanna_pull/analysis/synthetic_lollipop_v1/masks/442_2_702_synthetic_lollipop.nii.gz,True,7005,,24aebb55719313167a84520b9b8320ab8afda1d954889848c3bb4ec93e170be4,mask_voxels=129; mask_volume_mm3=129; manifest_realized=129; in_pulled_features=True; shape=116x116x116; spacing=1x1x1
local_synthetic_mask,442_5_1272,rivanna_pull/analysis/synthetic_lollipop_v1/masks/442_5_1272_synthetic_lollipop.nii.gz,True,12631,,920be1155c230c4c75f93613cdcaa600099e0497702a46725d26baed597fd062,mask_voxels=694; mask_volume_mm3=694; manifest_realized=694; in_pulled_features=True; shape=141x141x141; spacing=1x1x1
local_synthetic_mask,442_6_1447,rivanna_pull/analysis/synthetic_lollipop_v1/masks/442_6_1447_synthetic_lollipop.nii.gz,True,11371,,75ea1e4f219cf84e6814e4f46b94d6f29e7ef93aa5c5b2fc702fbd2eb5480a77,mask_voxels=564; mask_volume_mm3=564; manifest_realized=564; in_pulled_features=True; shape=136x136x136; spacing=1x1x1
local_synthetic_mask,478_0_0,rivanna_pull/analysis/synthetic_lollipop_v1/masks/478_0_0_synthetic_lollipop.nii.gz,True,9191,,06ca770401efa5ec3713d0f23bd8e0309b1435a956db147a763870fb63dba21e,mask_voxels=247; mask_volume_mm3=247; manifest_realized=247; in_pulled_features=True; shape=127x127x127; spacing=1x1x1
local_synthetic_mask,478_1_378,rivanna_pull/analysis/synthetic_lollipop_v1/masks/478_1_378_synthetic_lollipop.nii.gz,True,10552,,e1c36a6eaffb361d98d1096449b4c8362ff043a4954e2cf1e2d01d071ebd19f1,mask_voxels=323; mask_volume_mm3=323; manifest_realized=323; in_pulled_features=True; shape=133x133x133; spacing=1x1x1
local_synthetic_mask,478_2_486,rivanna_pull/analysis/synthetic_lollipop_v1/masks/478_2_486_synthetic_lollipop.nii.gz,True,11672,,af5a0c4290de3f18f4c765b90b63540a6aed49acba33bde96c95ff81476a4acb,mask_voxels=549; mask_volume_mm3=549; manifest_realized=549; in_pulled_features=True; shape=137x137x137; spacing=1x1x1
local_synthetic_mask,483_2_812,rivanna_pull/analysis/synthetic_lollipop_v1/masks/483_2_812_synthetic_lollipop.nii.gz,True,4934,,de4f90979682ef010f315b6262c73c8b43529b471e05509853eb42cfafe95d51,mask_voxels=65; mask_volume_mm3=65; manifest_realized=65; in_pulled_features=True; shape=103x103x103; spacing=1x1x1
local_synthetic_mask,483_3_1995,rivanna_pull/analysis/synthetic_lollipop_v1/masks/483_3_1995_synthetic_lollipop.nii.gz,True,4679,,d90a8ddde39e1c4a147c629703fac31ec98bc7e894ac94113fa1b786eefa0540,mask_voxels=70; mask_volume_mm3=70; manifest_realized=70; in_pulled_features=True; shape=101x101x101; spacing=1x1x1
local_synthetic_mask,492_1_391,rivanna_pull/analysis/synthetic_lollipop_v1/masks/492_1_391_synthetic_lollipop.nii.gz,True,1496,,59f71acffb2578b879e73d891f1e53ec3fbe4000bc2b80121f2039319053cd5b,mask_voxels=9; mask_volume_mm3=9; manifest_realized=9; in_pulled_features=True; shape=68x68x68; spacing=1x1x1
local_synthetic_mask,492_2_757,rivanna_pull/analysis/synthetic_lollipop_v1/masks/492_2_757_synthetic_lollipop.nii.gz,True,3539,,e299e7b4b1d885cccb6cdd6b6fbc187ededa75dc99bfbf9575acdf645159a402,mask_voxels=44; mask_volume_mm3=44; manifest_realized=44; in_pulled_features=True; shape=92x92x92; spacing=1x1x1
local_synthetic_mask,493_1_262,rivanna_pull/analysis/synthetic_lollipop_v1/masks/493_1_262_synthetic_lollipop.nii.gz,True,10314,,4716394c7b0e9eb1becd343d3750d94cc97b1b6a08274fda38d703f5d918dd64,mask_voxels=337; mask_volume_mm3=337; manifest_realized=337; in_pulled_features=True; shape=132x132x132; spacing=1x1x1
local_synthetic_mask,493_2_537,rivanna_pull/analysis/synthetic_lollipop_v1/masks/493_2_537_synthetic_lollipop.nii.gz,True,9192,,a58866d75eb6716ca662dbc1bf2ab68a315e369244ec6fec7c2043d09773e087,mask_voxels=342; mask_volume_mm3=342; manifest_realized=342; in_pulled_features=True; shape=127x127x127; spacing=1x1x1
local_synthetic_mask,495_0_0,rivanna_pull/analysis/synthetic_lollipop_v1/masks/495_0_0_synthetic_lollipop.nii.gz,True,24733,,7ede7845088fc147b726a50d2ddfe1d8fb916549315404794d143505a0f5ee16,mask_voxels=2107; mask_volume_mm3=2107; manifest_realized=2107; in_pulled_features=True; shape=176x176x176; spacing=1x1x1
local_synthetic_mask,500_1_346,rivanna_pull/analysis/synthetic_lollipop_v1/masks/500_1_346_synthetic_lollipop.nii.gz,True,4150,,376b667b76e82b9cf0b8bfcd2da0b7bac20468039d3ce5854b6a292c5148316f,mask_voxels=66; mask_volume_mm3=66; manifest_realized=66; in_pulled_features=True; shape=97x97x97; spacing=1x1x1
local_synthetic_mask,502_0_0,rivanna_pull/analysis/synthetic_lollipop_v1/masks/502_0_0_synthetic_lollipop.nii.gz,True,35428,,9803c9f13176add7e3f50e1325d30fbec5e54a052235a1cc36a93c4940829f06,mask_voxels=2757; mask_volume_mm3=2757; manifest_realized=2757; in_pulled_features=True; shape=199x199x199; spacing=1x1x1
local_synthetic_mask,502_1_71,rivanna_pull/analysis/synthetic_lollipop_v1/masks/502_1_71_synthetic_lollipop.nii.gz,True,26434,,27bbdab6dd4078707aa218341ad2ad44e45c510d490cfbbc1aadbbbe8f4abbca,mask_voxels=2221; mask_volume_mm3=2221; manifest_realized=2221; in_pulled_features=True; shape=180x180x180; spacing=1x1x1
local_synthetic_mask,502_2_314,rivanna_pull/analysis/synthetic_lollipop_v1/masks/502_2_314_synthetic_lollipop.nii.gz,True,13089,,99ad1303c4a8ea6a6c2db71d46d9440120a20c66cf78e92eb7198eb6668b7908,mask_voxels=956; mask_volume_mm3=956; manifest_realized=956; in_pulled_features=True; shape=142x142x142; spacing=1x1x1
local_synthetic_mask,508_0_0,rivanna_pull/analysis/synthetic_lollipop_v1/masks/508_0_0_synthetic_lollipop.nii.gz,True,3217,,87006d414e84b2ad1e08b16e2d3f4856971207bb044c1b775725d2ec022da666,mask_voxels=36; mask_volume_mm3=36; manifest_realized=36; in_pulled_features=True; shape=89x89x89; spacing=1x1x1
local_synthetic_mask,508_1_260,rivanna_pull/analysis/synthetic_lollipop_v1/masks/508_1_260_synthetic_lollipop.nii.gz,True,2538,,7cea79d8ba060eb4733478b048f6dff7e590d0665b281905e9939004e242a339,mask_voxels=22; mask_volume_mm3=22; manifest_realized=22; in_pulled_features=True; shape=82x82x82; spacing=1x1x1
local_synthetic_mask,521_1_93,rivanna_pull/analysis/synthetic_lollipop_v1/masks/521_1_93_synthetic_lollipop.nii.gz,True,4267,,2292ef3a782d5f16f49f4ae809b905b69e1d46044e332eafbdd7f53efb694a38,mask_voxels=51; mask_volume_mm3=51; manifest_realized=51; in_pulled_features=True; shape=98x98x98; spacing=1x1x1
local_synthetic_mask,521_2_457,rivanna_pull/analysis/synthetic_lollipop_v1/masks/521_2_457_synthetic_lollipop.nii.gz,True,4672,,b4ff36f2b324a65182fdc92f71fc75a83ae92a0034c4beeb6ebfa8dc576c906f,mask_voxels=70; mask_volume_mm3=70; manifest_realized=70; in_pulled_features=True; shape=101x101x101; spacing=1x1x1
local_synthetic_mask,525_0_0,rivanna_pull/analysis/synthetic_lollipop_v1/masks/525_0_0_synthetic_lollipop.nii.gz,True,32954,,bc76accdc241d20df7d59bdbd1eeed92bfce43369d7233e308e774b9ba664f96,mask_voxels=2587; mask_volume_mm3=2587; manifest_realized=2587; in_pulled_features=True; shape=194x194x194; spacing=1x1x1
local_synthetic_mask,525_1_371,rivanna_pull/analysis/synthetic_lollipop_v1/masks/525_1_371_synthetic_lollipop.nii.gz,True,41765,,de4c0663dfd173c806086d059e5642bab21a81c3e1534d03ae136dc7fad0a795,mask_voxels=3472; mask_volume_mm3=3472; manifest_realized=3472; in_pulled_features=True; shape=210x210x210; spacing=1x1x1
local_synthetic_mask,525_3_465,rivanna_pull/analysis/synthetic_lollipop_v1/masks/525_3_465_synthetic_lollipop.nii.gz,True,41530,,17a8402489596ed5237539186dc25d7a387855338b34296e90999e3b6218f377,mask_voxels=3123; mask_volume_mm3=3123; manifest_realized=3123; in_pulled_features=True; shape=210x210x210; spacing=1x1x1
local_synthetic_mask,527_0_0,rivanna_pull/analysis/synthetic_lollipop_v1/masks/527_0_0_synthetic_lollipop.nii.gz,True,7801,,15bdc164621e4987e50283a592c9cc041e0481d0cfd52cd2d13b08f8b017d3ba,mask_voxels=200; mask_volume_mm3=200; manifest_realized=200; in_pulled_features=True; shape=120x120x120; spacing=1x1x1
local_synthetic_mask,527_1_267,rivanna_pull/analysis/synthetic_lollipop_v1/masks/527_1_267_synthetic_lollipop.nii.gz,True,12880,,990bae1605381abbc2b292e20f2150ca4cd28852eb014d720e26601b64f2c849,mask_voxels=490; mask_volume_mm3=490; manifest_realized=490; in_pulled_features=True; shape=142x142x142; spacing=1x1x1
local_synthetic_mask,527_2_591,rivanna_pull/analysis/synthetic_lollipop_v1/masks/527_2_591_synthetic_lollipop.nii.gz,True,29121,,75a102bc57f31f28262360e24e76ec129a5cec139a5962697e13da55c0b4d71a,mask_voxels=2360; mask_volume_mm3=2360; manifest_realized=2360; in_pulled_features=True; shape=186x186x186; spacing=1x1x1
local_synthetic_mask,527_3_625,rivanna_pull/analysis/synthetic_lollipop_v1/masks/527_3_625_synthetic_lollipop.nii.gz,True,34036,,fb94d38c477de8d3c27ab424c63c188c0f261500a85378ce43ff2d7be1beabdb,mask_voxels=2842; mask_volume_mm3=2842; manifest_realized=2842; in_pulled_features=True; shape=196x196x196; spacing=1x1x1
local_synthetic_mask,528_0_0,rivanna_pull/analysis/synthetic_lollipop_v1/masks/528_0_0_synthetic_lollipop.nii.gz,True,3557,,1446a796ef904169d4d48c314723585c63c3e881399077fd5f7fb730d5dde91a,mask_voxels=43; mask_volume_mm3=43; manifest_realized=43; in_pulled_features=True; shape=92x92x92; spacing=1x1x1
local_synthetic_mask,528_1_488,rivanna_pull/analysis/synthetic_lollipop_v1/masks/528_1_488_synthetic_lollipop.nii.gz,True,2541,,a00e9f7b60404c725c629b2a5d82a642c711636b41947faf414541ed7ec7d1c7,mask_voxels=25; mask_volume_mm3=25; manifest_realized=25; in_pulled_features=True; shape=82x82x82; spacing=1x1x1
local_synthetic_mask,528_2_838,rivanna_pull/analysis/synthetic_lollipop_v1/masks/528_2_838_synthetic_lollipop.nii.gz,True,3548,,651a9386f7c9ff4242c7983b5c9bccf863e1a4ff4b69ff9cb41854a015e2753d,mask_voxels=41; mask_volume_mm3=41; manifest_realized=41; in_pulled_features=True; shape=92x92x92; spacing=1x1x1
local_synthetic_mask,528_3_1394,rivanna_pull/analysis/synthetic_lollipop_v1/masks/528_3_1394_synthetic_lollipop.nii.gz,True,5364,,75e14f6a2adfafe7bfa664d98b729418e9df2b8b73f925e7e542c30f3941a39e,mask_voxels=87; mask_volume_mm3=87; manifest_realized=87; in_pulled_features=True; shape=106x106x106; spacing=1x1x1
local_synthetic_mask,528_4_1772,rivanna_pull/analysis/synthetic_lollipop_v1/masks/528_4_1772_synthetic_lollipop.nii.gz,True,3898,,9a66ee03c82abfc98a4ae6763b773f6c2f3e24678733ade78d0b68f0dbd7a879,mask_voxels=49; mask_volume_mm3=49; manifest_realized=49; in_pulled_features=True; shape=95x95x95; spacing=1x1x1
local_synthetic_mask,532_0_0,rivanna_pull/analysis/synthetic_lollipop_v1/masks/532_0_0_synthetic_lollipop.nii.gz,True,14979,,79b78f2554a102c23151503f2d6e54e7af4d9d7ad794bfde1b6391532435cc78,mask_voxels=1019; mask_volume_mm3=1019; manifest_realized=1019; in_pulled_features=True; shape=149x149x149; spacing=1x1x1
local_synthetic_mask,532_1_355,rivanna_pull/analysis/synthetic_lollipop_v1/masks/532_1_355_synthetic_lollipop.nii.gz,True,21446,,66f6eda5a25366dd1755cfe9506e8e3ed6ddd14e6c9f20b0a70239255096fc0a,mask_voxels=1606; mask_volume_mm3=1606; manifest_realized=1606; in_pulled_features=True; shape=168x168x168; spacing=1x1x1
local_synthetic_mask,532_2_624,rivanna_pull/analysis/synthetic_lollipop_v1/masks/532_2_624_synthetic_lollipop.nii.gz,True,42395,,c2c861bcdaaca48b5344be6d49ad86b0bd71c79880fdd8a347c007afa34367c6,mask_voxels=3645; mask_volume_mm3=3645; manifest_realized=3645; in_pulled_features=True; shape=211x211x211; spacing=1x1x1
local_synthetic_mask,534_0_0,rivanna_pull/analysis/synthetic_lollipop_v1/masks/534_0_0_synthetic_lollipop.nii.gz,True,14947,,df22ccabfa90506d1474524b072aa49e6d179d0f254ea2e3541735d85e522cda,mask_voxels=888; mask_volume_mm3=888; manifest_realized=888; in_pulled_features=True; shape=149x149x149; spacing=1x1x1
local_synthetic_mask,534_1_146,rivanna_pull/analysis/synthetic_lollipop_v1/masks/534_1_146_synthetic_lollipop.nii.gz,True,15599,,c30818ed892454407b7087aba9dde5a3d5a4f78f8a266bc29b286b28ae54673a,mask_voxels=1111; mask_volume_mm3=1111; manifest_realized=1111; in_pulled_features=True; shape=151x151x151; spacing=1x1x1
local_synthetic_mask,537_0_0,rivanna_pull/analysis/synthetic_lollipop_v1/masks/537_0_0_synthetic_lollipop.nii.gz,True,10066,,0873a7f45ffe5a96cd26da73263bec764a543263b35bfdf1b013adfdf5de5fad,mask_voxels=309; mask_volume_mm3=309; manifest_realized=309; in_pulled_features=True; shape=131x131x131; spacing=1x1x1
local_synthetic_mask,537_1_110,rivanna_pull/analysis/synthetic_lollipop_v1/masks/537_1_110_synthetic_lollipop.nii.gz,True,11816,,5e563af21c49cd06734cef54772381494ad567f46a6ab5d6482234dc1b46e38f,mask_voxels=469; mask_volume_mm3=469; manifest_realized=469; in_pulled_features=True; shape=138x138x138; spacing=1x1x1
local_synthetic_mask,540_0_0,rivanna_pull/analysis/synthetic_lollipop_v1/masks/540_0_0_synthetic_lollipop.nii.gz,True,22322,,9cc2db54f7cb51a41b03d306d4f6bd66525b48fa17503643e7a8864e14eacd95,mask_voxels=1802; mask_volume_mm3=1802; manifest_realized=1802; in_pulled_features=True; shape=170x170x170; spacing=1x1x1
local_synthetic_mask,540_1_294,rivanna_pull/analysis/synthetic_lollipop_v1/masks/540_1_294_synthetic_lollipop.nii.gz,True,16018,,a49203a8f973110b299f3fb409e62d2ff034a5aa8488c6ec4adade1a0eb2cbe2,mask_voxels=1249; mask_volume_mm3=1249; manifest_realized=1249; in_pulled_features=True; shape=152x152x152; spacing=1x1x1
local_synthetic_mask,540_2_663,rivanna_pull/analysis/synthetic_lollipop_v1/masks/540_2_663_synthetic_lollipop.nii.gz,True,23169,,25861aa28f6d16db7ef3ea8b0186e46850037064b4818c7df3041b033b6cb2a9,mask_voxels=1897; mask_volume_mm3=1897; manifest_realized=1897; in_pulled_features=True; shape=172x172x172; spacing=1x1x1
local_synthetic_mask,540_3_1126,rivanna_pull/analysis/synthetic_lollipop_v1/masks/540_3_1126_synthetic_lollipop.nii.gz,True,51494,,ad23d1d020786ac3b0760868192ddb7f9f8d1593464004f830fc13a242a5f38b,mask_voxels=8893; mask_volume_mm3=8893; manifest_realized=8893; in_pulled_features=True; shape=224x224x224; spacing=1x1x1
local_synthetic_mask,546_0_0,rivanna_pull/analysis/synthetic_lollipop_v1/masks/546_0_0_synthetic_lollipop.nii.gz,True,11710,,00fc6467a63393c838ed64ca892278b0dc3dc4543c2e700ade67247e8b9162a5,mask_voxels=694; mask_volume_mm3=694; manifest_realized=694; in_pulled_features=True; shape=137x137x137; spacing=1x1x1
local_synthetic_mask,553_0_0,rivanna_pull/analysis/synthetic_lollipop_v1/masks/553_0_0_synthetic_lollipop.nii.gz,True,50646,,c7f1f910156b8e032be3914e291d1d618134b36ff0bdb4c5dde11d2c7fb49138,mask_voxels=4415; mask_volume_mm3=4415; manifest_realized=4415; in_pulled_features=True; shape=224x224x224; spacing=1x1x1
local_synthetic_mask,556_1_187,rivanna_pull/analysis/synthetic_lollipop_v1/masks/556_1_187_synthetic_lollipop.nii.gz,True,13362,,65f71352a0162acc00e9da6b8c4d7d44e9a5a6a837a0e3fa83b5fd41ac6efc91,mask_voxels=371; mask_volume_mm3=371; manifest_realized=371; in_pulled_features=True; shape=144x144x144; spacing=1x1x1
local_synthetic_mask,558_1_307,rivanna_pull/analysis/synthetic_lollipop_v1/masks/558_1_307_synthetic_lollipop.nii.gz,True,7017,,5a2a675aed0a170f62d0c1dcd4b8aa70e297bf9f7297ecf6e744fa850a86ae88,mask_voxels=150; mask_volume_mm3=150; manifest_realized=150; in_pulled_features=True; shape=116x116x116; spacing=1x1x1
local_synthetic_mask,558_2_756,rivanna_pull/analysis/synthetic_lollipop_v1/masks/558_2_756_synthetic_lollipop.nii.gz,True,8368,,3b78a39d7449279c570d5676161c9f58d84d79cf940ec58b35e1e8abd58f0b08,mask_voxels=233; mask_volume_mm3=233; manifest_realized=233; in_pulled_features=True; shape=123x123x123; spacing=1x1x1
local_synthetic_mask,558_3_1211,rivanna_pull/analysis/synthetic_lollipop_v1/masks/558_3_1211_synthetic_lollipop.nii.gz,True,10621,,0c0b93ed9e84a108c86cd529c5185d7231c731fa01abbdd3902fc5e64e5a2eaa,mask_voxels=452; mask_volume_mm3=452; manifest_realized=452; in_pulled_features=True; shape=133x133x133; spacing=1x1x1
local_synthetic_mask,558_4_1655,rivanna_pull/analysis/synthetic_lollipop_v1/masks/558_4_1655_synthetic_lollipop.nii.gz,True,21087,,49fd0c52fcac59919e9a61a82ef491527a90c60449f692d2348b13a5f90f6b2f,mask_voxels=1467; mask_volume_mm3=1467; manifest_realized=1467; in_pulled_features=True; shape=167x167x167; spacing=1x1x1
local_synthetic_mask,558_5_1775,rivanna_pull/analysis/synthetic_lollipop_v1/masks/558_5_1775_synthetic_lollipop.nii.gz,True,23444,,14e4bdb8d16f175c97a7973baa3a029b678fd1f3e95862875f6e9f946bc36ce4,mask_voxels=1783; mask_volume_mm3=1783; manifest_realized=1783; in_pulled_features=True; shape=173x173x173; spacing=1x1x1
local_synthetic_mask,560_0_0,rivanna_pull/analysis/synthetic_lollipop_v1/masks/560_0_0_synthetic_lollipop.nii.gz,True,30907,,c3883d8adf3a23bee3c1992dfb088f90da937c348ea24ac98c9c9aba40ec50b8,mask_voxels=2326; mask_volume_mm3=2326; manifest_realized=2326; in_pulled_features=True; shape=190x190x190; spacing=1x1x1
local_synthetic_mask,560_1_146,rivanna_pull/analysis/synthetic_lollipop_v1/masks/560_1_146_synthetic_lollipop.nii.gz,True,38088,,c83202f92f7ddb3492ba5b1ab3e3ddb402b145f2d26d75adb2f6c4c41e14ccb1,mask_voxels=3178; mask_volume_mm3=3178; manifest_realized=3178; in_pulled_features=True; shape=204x204x204; spacing=1x1x1
local_synthetic_mask,561_1_146,rivanna_pull/analysis/synthetic_lollipop_v1/masks/561_1_146_synthetic_lollipop.nii.gz,True,8959,,cb87454ff9e6c57ab86ef25130642a657601cd79743f072ede2978aee03c3808,mask_voxels=227; mask_volume_mm3=227; manifest_realized=227; in_pulled_features=True; shape=126x126x126; spacing=1x1x1
local_synthetic_mask,561_2_524,rivanna_pull/analysis/synthetic_lollipop_v1/masks/561_2_524_synthetic_lollipop.nii.gz,True,11281,,66de257b2e34b22a7c53eafd7630fcc7afe336d610cce59c8b49eb5657d40b07,mask_voxels=350; mask_volume_mm3=350; manifest_realized=350; in_pulled_features=True; shape=136x136x136; spacing=1x1x1
local_synthetic_mask,561_4_1259,rivanna_pull/analysis/synthetic_lollipop_v1/masks/561_4_1259_synthetic_lollipop.nii.gz,True,10363,,97f3df6e47aa1ee38640981b11110ba16baf2a9ba00558eacae25e60db7471be,mask_voxels=443; mask_volume_mm3=443; manifest_realized=443; in_pulled_features=True; shape=132x132x132; spacing=1x1x1
local_synthetic_mask,561_5_1314,rivanna_pull/analysis/synthetic_lollipop_v1/masks/561_5_1314_synthetic_lollipop.nii.gz,True,14037,,be32ee4ac69656a32abfc3951ebce698317ab0cfa483f02c9d1ee921a01c590a,mask_voxels=684; mask_volume_mm3=684; manifest_realized=684; in_pulled_features=True; shape=146x146x146; spacing=1x1x1
local_synthetic_mask,563_1_204,rivanna_pull/analysis/synthetic_lollipop_v1/masks/563_1_204_synthetic_lollipop.nii.gz,True,11455,,6ff982d3ae3e250e29da36aacbd63e8e707cffd626bb7f673fada894bbb52ac6,mask_voxels=801; mask_volume_mm3=801; manifest_realized=801; in_pulled_features=True; shape=136x136x136; spacing=1x1x1
local_synthetic_mask,563_2_377,rivanna_pull/analysis/synthetic_lollipop_v1/masks/563_2_377_synthetic_lollipop.nii.gz,True,16678,,9ae1f9922069107f2657c723043cd6c4f47d00070b09a9838669ff721edd4953,mask_voxels=1381; mask_volume_mm3=1381; manifest_realized=1381; in_pulled_features=True; shape=154x154x154; spacing=1x1x1
local_synthetic_mask,565_0_0,rivanna_pull/analysis/synthetic_lollipop_v1/masks/565_0_0_synthetic_lollipop.nii.gz,True,34000,,8354475ce1b3955ff6feee8d414dee06b5b6b1c7490add1ec4417481c2a1c8f9,mask_voxels=2720; mask_volume_mm3=2720; manifest_realized=2720; in_pulled_features=True; shape=196x196x196; spacing=1x1x1
local_synthetic_mask,565_1_90,rivanna_pull/analysis/synthetic_lollipop_v1/masks/565_1_90_synthetic_lollipop.nii.gz,True,33535,,9a11ecb10159283c1bed172e775b0e1d8ca0c7f8ba7b08bb285b44d359ccbe4d,mask_voxels=2862; mask_volume_mm3=2862; manifest_realized=2862; in_pulled_features=True; shape=195x195x195; spacing=1x1x1
local_synthetic_mask,568_0_0,rivanna_pull/analysis/synthetic_lollipop_v1/masks/568_0_0_synthetic_lollipop.nii.gz,True,12155,,c792cef11afc610b7a2c381d1fb00de87a3294a39ef99e3233bf051ace250bba,mask_voxels=701; mask_volume_mm3=701; manifest_realized=701; in_pulled_features=True; shape=139x139x139; spacing=1x1x1
local_synthetic_mask,568_1_255,rivanna_pull/analysis/synthetic_lollipop_v1/masks/568_1_255_synthetic_lollipop.nii.gz,True,16312,,50d416ecb5e515916de0aa7185e37ba34d0dea981caca947880f8ffb75649505,mask_voxels=1207; mask_volume_mm3=1207; manifest_realized=1207; in_pulled_features=True; shape=153x153x153; spacing=1x1x1
local_synthetic_mask,571_2_1366,rivanna_pull/analysis/synthetic_lollipop_v1/masks/571_2_1366_synthetic_lollipop.nii.gz,True,10052,,821535530e599ea625645bd576584706211f2a0ab76e48cae0f23aa8923f8ea7,mask_voxels=234; mask_volume_mm3=234; manifest_realized=234; in_pulled_features=True; shape=131x131x131; spacing=1x1x1
local_synthetic_mask,573_0_0,rivanna_pull/analysis/synthetic_lollipop_v1/masks/573_0_0_synthetic_lollipop.nii.gz,True,10056,,bfe42b7897997ce545580c1b54206a3abf4ded119e16c729cb51911b243e5319,mask_voxels=262; mask_volume_mm3=262; manifest_realized=262; in_pulled_features=True; shape=131x131x131; spacing=1x1x1
local_synthetic_mask,573_1_58,rivanna_pull/analysis/synthetic_lollipop_v1/masks/573_1_58_synthetic_lollipop.nii.gz,True,11073,,d037bdd5217521dac381ad1e0e35f0c276c9b77c36a8619a92a2ad8c43a46785,mask_voxels=370; mask_volume_mm3=370; manifest_realized=370; in_pulled_features=True; shape=135x135x135; spacing=1x1x1
local_synthetic_mask,576_2_250,rivanna_pull/analysis/synthetic_lollipop_v1/masks/576_2_250_synthetic_lollipop.nii.gz,True,13194,,f264b0d70d034f495118a39efc9619b1e5ce7c3ae3aaca21a4634ce2159cfb81,mask_voxels=559; mask_volume_mm3=559; manifest_realized=559; in_pulled_features=True; shape=143x143x143; spacing=1x1x1
local_synthetic_mask,577_0_0,rivanna_pull/analysis/synthetic_lollipop_v1/masks/577_0_0_synthetic_lollipop.nii.gz,True,21374,,72152680a7854f8f4df5dd2cb1e67b3bd62ac3f44795fe926b85799e0767854a,mask_voxels=1764; mask_volume_mm3=1764; manifest_realized=1764; in_pulled_features=True; shape=168x168x168; spacing=1x1x1
local_synthetic_mask,577_1_239,rivanna_pull/analysis/synthetic_lollipop_v1/masks/577_1_239_synthetic_lollipop.nii.gz,True,21781,,052511480ac1b997a4be3dd85bbeae2656b631951cf3718ecf00310637caeb9e,mask_voxels=1549; mask_volume_mm3=1549; manifest_realized=1549; in_pulled_features=True; shape=169x169x169; spacing=1x1x1
local_synthetic_mask,577_2_568,rivanna_pull/analysis/synthetic_lollipop_v1/masks/577_2_568_synthetic_lollipop.nii.gz,True,25990,,8720498f7ab1a08b38b0e4d1c12834ea1cdbcc0e3ec7ae858513df84582e76ba,mask_voxels=2109; mask_volume_mm3=2109; manifest_realized=2109; in_pulled_features=True; shape=179x179x179; spacing=1x1x1
local_synthetic_mask,577_3_932,rivanna_pull/analysis/synthetic_lollipop_v1/masks/577_3_932_synthetic_lollipop.nii.gz,True,22952,,4947cce6422761da42a29fc1a82495406c35ea97dbd40da81ac521acceb3dda9,mask_voxels=1707; mask_volume_mm3=1707; manifest_realized=1707; in_pulled_features=True; shape=172x172x172; spacing=1x1x1
local_synthetic_mask,577_4_1366,rivanna_pull/analysis/synthetic_lollipop_v1/masks/577_4_1366_synthetic_lollipop.nii.gz,True,21176,,7960b5602ab46b34b2e631ee50412103ed46de644905bb4b56756c5d6a175c61,mask_voxels=1779; mask_volume_mm3=1779; manifest_realized=1779; in_pulled_features=True; shape=167x167x167; spacing=1x1x1
local_synthetic_mask,578_0_0,rivanna_pull/analysis/synthetic_lollipop_v1/masks/578_0_0_synthetic_lollipop.nii.gz,True,2632,,e15547a1f3564901d58a4c239cf67640c160f14cc1c44c7c40689788e0c5e019,mask_voxels=22; mask_volume_mm3=22; manifest_realized=22; in_pulled_features=True; shape=83x83x83; spacing=1x1x1
local_synthetic_mask,578_1_317,rivanna_pull/analysis/synthetic_lollipop_v1/masks/578_1_317_synthetic_lollipop.nii.gz,True,4268,,5a5a600e21ff138652aa1adba82317c25c659359de7106abf2a78784d6b5d4f8,mask_voxels=49; mask_volume_mm3=49; manifest_realized=49; in_pulled_features=True; shape=98x98x98; spacing=1x1x1
local_synthetic_mask,579_0_0,rivanna_pull/analysis/synthetic_lollipop_v1/masks/579_0_0_synthetic_lollipop.nii.gz,True,17576,,8364bd0a57e3b6afa11125f2569946e5687c7e8dbf9e479e7ce54156a3be859e,mask_voxels=1443; mask_volume_mm3=1443; manifest_realized=1443; in_pulled_features=True; shape=157x157x157; spacing=1x1x1
local_synthetic_mask,579_1_198,rivanna_pull/analysis/synthetic_lollipop_v1/masks/579_1_198_synthetic_lollipop.nii.gz,True,22665,,ce48eb6670ea61345af081356bdc2563ff165586f4db6b2c3608af9bba6d3c7f,mask_voxels=1587; mask_volume_mm3=1587; manifest_realized=1587; in_pulled_features=True; shape=171x171x171; spacing=1x1x1
local_synthetic_mask,579_2_697,rivanna_pull/analysis/synthetic_lollipop_v1/masks/579_2_697_synthetic_lollipop.nii.gz,True,30035,,97c2cd0d1d84a18309d7e2f9d274b4eefa00799ef2b19c0d4940c86e1d06a9c7,mask_voxels=2433; mask_volume_mm3=2433; manifest_realized=2433; in_pulled_features=True; shape=188x188x188; spacing=1x1x1
local_synthetic_mask,579_3_1222,rivanna_pull/analysis/synthetic_lollipop_v1/masks/579_3_1222_synthetic_lollipop.nii.gz,True,49798,,a53da0a59dd941d49960bb7936b03ef37710b1d73d4aa98ac93533c3f13ca7a2,mask_voxels=4008; mask_volume_mm3=4008; manifest_realized=4008; in_pulled_features=True; shape=223x223x223; spacing=1x1x1
local_synthetic_mask,579_4_1600,rivanna_pull/analysis/synthetic_lollipop_v1/masks/579_4_1600_synthetic_lollipop.nii.gz,True,44862,,66d750c315b114bfd999ed189a73c5e4083551c255b96655f8c0c734124798b2,mask_voxels=3864; mask_volume_mm3=3864; manifest_realized=3864; in_pulled_features=True; shape=215x215x215; spacing=1x1x1
local_synthetic_mask,57_0_0,rivanna_pull/analysis/synthetic_lollipop_v1/masks/57_0_0_synthetic_lollipop.nii.gz,True,5384,,3271bcbb88e9120f28f41932bab19afd6f4b6621ba0e309b6ea36a55bfe3fd61,mask_voxels=104; mask_volume_mm3=104; manifest_realized=104; in_pulled_features=True; shape=106x106x106; spacing=1x1x1
local_synthetic_mask,57_1_208,rivanna_pull/analysis/synthetic_lollipop_v1/masks/57_1_208_synthetic_lollipop.nii.gz,True,3216,,d717b26b96c128b752fffe2ee7c2d317ad89c9bfa17475569c3d97196e4eb711,mask_voxels=39; mask_volume_mm3=39; manifest_realized=39; in_pulled_features=True; shape=89x89x89; spacing=1x1x1
local_synthetic_mask,57_2_572,rivanna_pull/analysis/synthetic_lollipop_v1/masks/57_2_572_synthetic_lollipop.nii.gz,True,3223,,04019e37a08bd6540e730d326c4ded7fc9cb7eb8806e0a1bdc15bdc36dad9717,mask_voxels=41; mask_volume_mm3=41; manifest_realized=41; in_pulled_features=True; shape=89x89x89; spacing=1x1x1
local_synthetic_mask,581_1_152,rivanna_pull/analysis/synthetic_lollipop_v1/masks/581_1_152_synthetic_lollipop.nii.gz,True,7556,,e57019edcc7259077f929a9261013b6703a59e5c00f65dbb2e18e5b6156b233b,mask_voxels=159; mask_volume_mm3=159; manifest_realized=159; in_pulled_features=True; shape=119x119x119; spacing=1x1x1
local_synthetic_mask,581_2_440,rivanna_pull/analysis/synthetic_lollipop_v1/masks/581_2_440_synthetic_lollipop.nii.gz,True,6492,,2b7cf36a8c5909df7e842832c17243d675544aff59bc1d457ab9dcd79dd5ffac,mask_voxels=123; mask_volume_mm3=123; manifest_realized=123; in_pulled_features=True; shape=113x113x113; spacing=1x1x1
local_synthetic_mask,582_0_0,rivanna_pull/analysis/synthetic_lollipop_v1/masks/582_0_0_synthetic_lollipop.nii.gz,True,25544,,5feae4330cd046ffd0512b6b56c562058a4144a1835fba8bf81e2573058b3b05,mask_voxels=1826; mask_volume_mm3=1826; manifest_realized=1826; in_pulled_features=True; shape=178x178x178; spacing=1x1x1
local_synthetic_mask,582_1_185,rivanna_pull/analysis/synthetic_lollipop_v1/masks/582_1_185_synthetic_lollipop.nii.gz,True,20849,,d4b853892edce9f1d7c0dc04d7002ed88c9b77f1e5ad0c88aa337f9dfa38fc02,mask_voxels=1655; mask_volume_mm3=1655; manifest_realized=1655; in_pulled_features=True; shape=166x166x166; spacing=1x1x1
local_synthetic_mask,583_0_0,rivanna_pull/analysis/synthetic_lollipop_v1/masks/583_0_0_synthetic_lollipop.nii.gz,True,3538,,e830eec875320033a772a2194318e27c44d1a2330c07a49d5261f7af9c5f9130,mask_voxels=42; mask_volume_mm3=42; manifest_realized=42; in_pulled_features=True; shape=92x92x92; spacing=1x1x1
local_synthetic_mask,583_1_86,rivanna_pull/analysis/synthetic_lollipop_v1/masks/583_1_86_synthetic_lollipop.nii.gz,True,4792,,17b6559b3ab691e181a2ec33c5c9d3cc8699b8971887dcaa352a84d3652ecb41,mask_voxels=57; mask_volume_mm3=57; manifest_realized=57; in_pulled_features=True; shape=102x102x102; spacing=1x1x1
local_synthetic_mask,583_2_278,rivanna_pull/analysis/synthetic_lollipop_v1/masks/583_2_278_synthetic_lollipop.nii.gz,True,2916,,8658a34c8177e982bafbd702745cbd1bbaff70bbc587ad71fccbd813a0f585aa,mask_voxels=37; mask_volume_mm3=37; manifest_realized=37; in_pulled_features=True; shape=86x86x86; spacing=1x1x1
local_synthetic_mask,583_3_460,rivanna_pull/analysis/synthetic_lollipop_v1/masks/583_3_460_synthetic_lollipop.nii.gz,True,3886,,de194f99465d44838c115da256b32257cad153d4aad08e44d8463889f98a855b,mask_voxels=39; mask_volume_mm3=39; manifest_realized=39; in_pulled_features=True; shape=95x95x95; spacing=1x1x1
local_synthetic_mask,587_1_340,rivanna_pull/analysis/synthetic_lollipop_v1/masks/587_1_340_synthetic_lollipop.nii.gz,True,3004,,afcffc737b728312bd5b1cb255022d474eef87066faec7119e587b35c1d29e21,mask_voxels=32; mask_volume_mm3=32; manifest_realized=32; in_pulled_features=True; shape=87x87x87; spacing=1x1x1
local_synthetic_mask,58_1_214,rivanna_pull/analysis/synthetic_lollipop_v1/masks/58_1_214_synthetic_lollipop.nii.gz,True,6131,,ce45c7e022c6c717840de45a42eb18d24a4863548d97f7b5576cd6dffc06bc11,mask_voxels=102; mask_volume_mm3=102; manifest_realized=102; in_pulled_features=True; shape=111x111x111; spacing=1x1x1
local_synthetic_mask,592_1_253,rivanna_pull/analysis/synthetic_lollipop_v1/masks/592_1_253_synthetic_lollipop.nii.gz,True,4412,,40db21ca53b6204375eb52262fc9689b9d3ac3fae1e71c466d1add5461e27011,mask_voxels=70; mask_volume_mm3=70; manifest_realized=70; in_pulled_features=True; shape=99x99x99; spacing=1x1x1
local_synthetic_mask,592_2_1030,rivanna_pull/analysis/synthetic_lollipop_v1/masks/592_2_1030_synthetic_lollipop.nii.gz,True,4804,,bbc7567322e86f54c325d4cda162f94ab58df5550237055881c4152d013fec42,mask_voxels=77; mask_volume_mm3=77; manifest_realized=77; in_pulled_features=True; shape=102x102x102; spacing=1x1x1
local_synthetic_mask,593_0_0,rivanna_pull/analysis/synthetic_lollipop_v1/masks/593_0_0_synthetic_lollipop.nii.gz,True,1972,,5e5a8d90c9125586a50492cddac7e9148be65b449fab9eb456f1fa3df70eb2c2,mask_voxels=13; mask_volume_mm3=13; manifest_realized=13; in_pulled_features=True; shape=75x75x75; spacing=1x1x1
local_synthetic_mask,593_1_403,rivanna_pull/analysis/synthetic_lollipop_v1/masks/593_1_403_synthetic_lollipop.nii.gz,True,2819,,15ab6f15dfb4053295c38aa17346d3503feb93936ff65c8ce5ba5868a6ee857c,mask_voxels=32; mask_volume_mm3=32; manifest_realized=32; in_pulled_features=True; shape=85x85x85; spacing=1x1x1
local_synthetic_mask,593_3_2370,rivanna_pull/analysis/synthetic_lollipop_v1/masks/593_3_2370_synthetic_lollipop.nii.gz,True,6147,,d9e21d190b662997e2d10924523e591f58f264966b21c8879d4acfe307d40ead,mask_voxels=109; mask_volume_mm3=109; manifest_realized=109; in_pulled_features=True; shape=111x111x111; spacing=1x1x1
local_synthetic_mask,595_1_357,rivanna_pull/analysis/synthetic_lollipop_v1/masks/595_1_357_synthetic_lollipop.nii.gz,True,10077,,54ec3f10637a81c7d494fae5fa741a49b454e9fea739f3934c140c3a8c0e4cfb,mask_voxels=292; mask_volume_mm3=292; manifest_realized=292; in_pulled_features=True; shape=131x131x131; spacing=1x1x1
local_synthetic_mask,595_2_652,rivanna_pull/analysis/synthetic_lollipop_v1/masks/595_2_652_synthetic_lollipop.nii.gz,True,9620,,08e25ace2d6ae47893e4cd1c6c6e58afeeef2dc8541931926131cae945b29456,mask_voxels=292; mask_volume_mm3=292; manifest_realized=292; in_pulled_features=True; shape=129x129x129; spacing=1x1x1
local_synthetic_mask,595_3_1268,rivanna_pull/analysis/synthetic_lollipop_v1/masks/595_3_1268_synthetic_lollipop.nii.gz,True,12204,,4464dcd615b01f5f9526a52b7b935d07c60e47bb334a0d1cbbf16bd785048f20,mask_voxels=645; mask_volume_mm3=645; manifest_realized=645; in_pulled_features=True; shape=139x139x139; spacing=1x1x1
local_synthetic_mask,595_4_1631,rivanna_pull/analysis/synthetic_lollipop_v1/masks/595_4_1631_synthetic_lollipop.nii.gz,True,13533,,34d0f1acf3929759b901b71a30bb4867e21121f84f472509ad351b70b184af59,mask_voxels=811; mask_volume_mm3=811; manifest_realized=811; in_pulled_features=True; shape=144x144x144; spacing=1x1x1
local_synthetic_mask,595_5_1995,rivanna_pull/analysis/synthetic_lollipop_v1/masks/595_5_1995_synthetic_lollipop.nii.gz,True,12783,,d643a0d67d2dfc0f1521e1108a627fdd591ae31f233da5513e1a6d6488f46cdc,mask_voxels=908; mask_volume_mm3=908; manifest_realized=908; in_pulled_features=True; shape=141x141x141; spacing=1x1x1
local_synthetic_mask,601_1_201,rivanna_pull/analysis/synthetic_lollipop_v1/masks/601_1_201_synthetic_lollipop.nii.gz,True,45301,,de557f3ca3e2843ca2a110e7b3f107b9c6bb300b0dfb16fa71e25bb272d1b960,mask_voxels=4419; mask_volume_mm3=4419; manifest_realized=4419; in_pulled_features=True; shape=216x216x216; spacing=1x1x1
local_synthetic_mask,601_2_616,rivanna_pull/analysis/synthetic_lollipop_v1/masks/601_2_616_synthetic_lollipop.nii.gz,True,26388,,ffd2f51641926110ada097004af64066812117c4fb0c7439e7321bde1a16ef9b,mask_voxels=2054; mask_volume_mm3=2054; manifest_realized=2054; in_pulled_features=True; shape=180x180x180; spacing=1x1x1
local_synthetic_mask,603_0_0,rivanna_pull/analysis/synthetic_lollipop_v1/masks/603_0_0_synthetic_lollipop.nii.gz,True,10541,,dac007bbab51822d8e906162f9b21c7baac3c45122063bffa12371d705bfe43d,mask_voxels=296; mask_volume_mm3=296; manifest_realized=296; in_pulled_features=True; shape=133x133x133; spacing=1x1x1
local_synthetic_mask,603_1_860,rivanna_pull/analysis/synthetic_lollipop_v1/masks/603_1_860_synthetic_lollipop.nii.gz,True,3558,,dd0037ac659fc2d191bf9afda93862165c1be038831f39b4145c1f5dcbafcc15,mask_voxels=48; mask_volume_mm3=48; manifest_realized=48; in_pulled_features=True; shape=92x92x92; spacing=1x1x1
local_synthetic_mask,604_1_178,rivanna_pull/analysis/synthetic_lollipop_v1/masks/604_1_178_synthetic_lollipop.nii.gz,True,38067,,d202d05ca4d4594f7b7afd0a9c43960e5f692233f5461b3094455fdf67a0f088,mask_voxels=2962; mask_volume_mm3=2962; manifest_realized=2962; in_pulled_features=True; shape=204x204x204; spacing=1x1x1
local_synthetic_mask,604_2_258,rivanna_pull/analysis/synthetic_lollipop_v1/masks/604_2_258_synthetic_lollipop.nii.gz,True,38956,,0cc0eb1cd2375af61a789bb8032e9e8cdd8e6c9dd276c617c3a2d11712f9f350,mask_voxels=3925; mask_volume_mm3=3925; manifest_realized=3925; in_pulled_features=True; shape=205x205x205; spacing=1x1x1
local_synthetic_mask,606_0_0,rivanna_pull/analysis/synthetic_lollipop_v1/masks/606_0_0_synthetic_lollipop.nii.gz,True,19205,,c6d6a17c3ddf16ec339cdad02fecb97c7b427d738e417573d089812d5b6ded77,mask_voxels=1522; mask_volume_mm3=1522; manifest_realized=1522; in_pulled_features=True; shape=162x162x162; spacing=1x1x1
local_synthetic_mask,606_1_181,rivanna_pull/analysis/synthetic_lollipop_v1/masks/606_1_181_synthetic_lollipop.nii.gz,True,16199,,38af622e5e403c9e0f829060f3ba77d852c745a95c23dff699205196dcc68969,mask_voxels=1159; mask_volume_mm3=1159; manifest_realized=1159; in_pulled_features=True; shape=153x153x153; spacing=1x1x1
local_synthetic_mask,606_2_545,rivanna_pull/analysis/synthetic_lollipop_v1/masks/606_2_545_synthetic_lollipop.nii.gz,True,20362,,7cee9e02c73fd184d8a840cd8b45d49fbbdd705fd83159a3a5e0f2b3ef631b88,mask_voxels=1421; mask_volume_mm3=1421; manifest_realized=1421; in_pulled_features=True; shape=165x165x165; spacing=1x1x1
local_synthetic_mask,606_3_914,rivanna_pull/analysis/synthetic_lollipop_v1/masks/606_3_914_synthetic_lollipop.nii.gz,True,16944,,0a1609c04eae6284d247d80e3d6783a3ebe42dcb7ea87815bf9f07f8cd174317,mask_voxels=1178; mask_volume_mm3=1178; manifest_realized=1178; in_pulled_features=True; shape=155x155x155; spacing=1x1x1
local_synthetic_mask,606_4_1278,rivanna_pull/analysis/synthetic_lollipop_v1/masks/606_4_1278_synthetic_lollipop.nii.gz,True,23464,,22760acf59b941569b7585bc6e1bfc8c334491cca566475309fe469419dbc68e,mask_voxels=1647; mask_volume_mm3=1647; manifest_realized=1647; in_pulled_features=True; shape=173x173x173; spacing=1x1x1
local_synthetic_mask,606_5_2001,rivanna_pull/analysis/synthetic_lollipop_v1/masks/606_5_2001_synthetic_lollipop.nii.gz,True,27485,,0c47fb35aefad298f45fb4a9f63bf6be78641cb6d406862a73d2bb41ed1fa59b,mask_voxels=2075; mask_volume_mm3=2075; manifest_realized=2075; in_pulled_features=True; shape=183x183x183; spacing=1x1x1
local_synthetic_mask,609_0_0,rivanna_pull/analysis/synthetic_lollipop_v1/masks/609_0_0_synthetic_lollipop.nii.gz,True,3326,,9ab6626bb377cca1e220df9328655f8175260d43d2f929d86f73e9d6850a1eab,mask_voxels=42; mask_volume_mm3=42; manifest_realized=42; in_pulled_features=True; shape=90x90x90; spacing=1x1x1
local_synthetic_mask,609_1_167,rivanna_pull/analysis/synthetic_lollipop_v1/masks/609_1_167_synthetic_lollipop.nii.gz,True,2038,,3c3e0d4680f354447502e5cec2f55844151afe0fe334d3a90b8135afdd741280,mask_voxels=20; mask_volume_mm3=20; manifest_realized=20; in_pulled_features=True; shape=76x76x76; spacing=1x1x1
local_synthetic_mask,609_2_536,rivanna_pull/analysis/synthetic_lollipop_v1/masks/609_2_536_synthetic_lollipop.nii.gz,True,1900,,1c0ea9067b085713b72de0f48bfa6519e77076cb207a8685ba223ad97a0488b2,mask_voxels=14; mask_volume_mm3=14; manifest_realized=14; in_pulled_features=True; shape=74x74x74; spacing=1x1x1
local_synthetic_mask,609_3_902,rivanna_pull/analysis/synthetic_lollipop_v1/masks/609_3_902_synthetic_lollipop.nii.gz,True,2044,,f336e6f4baac263fc38fc487b717b078f4185981b80e8fc306b8e70003072d0f,mask_voxels=20; mask_volume_mm3=20; manifest_realized=20; in_pulled_features=True; shape=76x76x76; spacing=1x1x1
local_synthetic_mask,610_1_210,rivanna_pull/analysis/synthetic_lollipop_v1/masks/610_1_210_synthetic_lollipop.nii.gz,True,5224,,5a49e65c8fbaf82192d104982b52e3477b4ce5d924cf2fbc353fb6d49004a208,mask_voxels=71; mask_volume_mm3=71; manifest_realized=71; in_pulled_features=True; shape=105x105x105; spacing=1x1x1
local_synthetic_mask,610_2_619,rivanna_pull/analysis/synthetic_lollipop_v1/masks/610_2_619_synthetic_lollipop.nii.gz,True,4137,,66bb6cb7c307a84616e37790d3b1e00706e9c06333c4bdbcdb73a54a67a5cb99,mask_voxels=54; mask_volume_mm3=54; manifest_realized=54; in_pulled_features=True; shape=97x97x97; spacing=1x1x1
local_synthetic_mask,610_3_1008,rivanna_pull/analysis/synthetic_lollipop_v1/masks/610_3_1008_synthetic_lollipop.nii.gz,True,4662,,02a8f6bad6022fc0e0c47fc763252a535cbf561a9279243554cfbc51e149cc9e,mask_voxels=54; mask_volume_mm3=54; manifest_realized=54; in_pulled_features=True; shape=101x101x101; spacing=1x1x1
local_synthetic_mask,610_4_1386,rivanna_pull/analysis/synthetic_lollipop_v1/masks/610_4_1386_synthetic_lollipop.nii.gz,True,3671,,afe3e520f0f9b11517c04cf3bf062342e57a17d3c69e1c662e17f18ee0b5eb3e,mask_voxels=48; mask_volume_mm3=48; manifest_realized=48; in_pulled_features=True; shape=93x93x93; spacing=1x1x1
local_synthetic_mask,611_0_0,rivanna_pull/analysis/synthetic_lollipop_v1/masks/611_0_0_synthetic_lollipop.nii.gz,True,10536,,92eb7bd69d9fb26bde972bfc1f596b5d687a2f6fa11337ec3dff46a4b3c9d751,mask_voxels=357; mask_volume_mm3=357; manifest_realized=357; in_pulled_features=True; shape=133x133x133; spacing=1x1x1
local_synthetic_mask,611_1_186,rivanna_pull/analysis/synthetic_lollipop_v1/masks/611_1_186_synthetic_lollipop.nii.gz,True,10630,,b4d8fe8f0ee1d5cfd9acd4f2cb1a10dbec314657a7f1ee8571afaa8b36f50ce4,mask_voxels=466; mask_volume_mm3=466; manifest_realized=466; in_pulled_features=True; shape=133x133x133; spacing=1x1x1
local_synthetic_mask,611_2_466,rivanna_pull/analysis/synthetic_lollipop_v1/masks/611_2_466_synthetic_lollipop.nii.gz,True,11989,,aa72d8f64b4bc9b777ede4d9c21ceaeb97906375a35785ae3e860296ebd0a8b4,mask_voxels=760; mask_volume_mm3=760; manifest_realized=760; in_pulled_features=True; shape=138x138x138; spacing=1x1x1
local_synthetic_mask,618_0_0,rivanna_pull/analysis/synthetic_lollipop_v1/masks/618_0_0_synthetic_lollipop.nii.gz,True,8345,,ceff1049e22a0d56bd5d12f2b219cca0642960adab8eb1194d39aa0d003332e6,mask_voxels=183; mask_volume_mm3=183; manifest_realized=183; in_pulled_features=True; shape=123x123x123; spacing=1x1x1
local_synthetic_mask,618_1_291,rivanna_pull/analysis/synthetic_lollipop_v1/masks/618_1_291_synthetic_lollipop.nii.gz,True,11565,,da5fb19d7fb27443a70f69cb35dec964149bde5bc9881fb6e53e00c03e0fa5c4,mask_voxels=429; mask_volume_mm3=429; manifest_realized=429; in_pulled_features=True; shape=137x137x137; spacing=1x1x1
local_synthetic_mask,618_2_627,rivanna_pull/analysis/synthetic_lollipop_v1/masks/618_2_627_synthetic_lollipop.nii.gz,True,11559,,866bc5b7f821be06d5617cf4d0027ef24aaf5596a7f48f97e24b1ccff73320d0,mask_voxels=427; mask_volume_mm3=427; manifest_realized=427; in_pulled_features=True; shape=137x137x137; spacing=1x1x1
local_synthetic_mask,625_2_1420,rivanna_pull/analysis/synthetic_lollipop_v1/masks/625_2_1420_synthetic_lollipop.nii.gz,True,15709,,d832c002464d5a57196493d7760c9ee2369c4d6e6dbad878798e6f02390b8727,mask_voxels=1167; mask_volume_mm3=1167; manifest_realized=1167; in_pulled_features=True; shape=151x151x151; spacing=1x1x1
local_synthetic_mask,625_3_1544,rivanna_pull/analysis/synthetic_lollipop_v1/masks/625_3_1544_synthetic_lollipop.nii.gz,True,20490,,a7d766eacb2f7bc82d5b0a4e9389f584deaef66f963c14d9832728063174825f,mask_voxels=1700; mask_volume_mm3=1700; manifest_realized=1700; in_pulled_features=True; shape=165x165x165; spacing=1x1x1
local_synthetic_mask,629_0_0,rivanna_pull/analysis/synthetic_lollipop_v1/masks/629_0_0_synthetic_lollipop.nii.gz,True,5816,,abd42875839afca75846998775ec5ceab2c2bf9174c4642ba68baf48a9825734,mask_voxels=87; mask_volume_mm3=87; manifest_realized=87; in_pulled_features=True; shape=109x109x109; spacing=1x1x1
local_synthetic_mask,629_1_413,rivanna_pull/analysis/synthetic_lollipop_v1/masks/629_1_413_synthetic_lollipop.nii.gz,True,4947,,633960594301a373fcc2a510e5a1edc55c22b7b54163ebad5ece71ac0bc47ef8,mask_voxels=69; mask_volume_mm3=69; manifest_realized=69; in_pulled_features=True; shape=103x103x103; spacing=1x1x1
local_synthetic_mask,629_2_810,rivanna_pull/analysis/synthetic_lollipop_v1/masks/629_2_810_synthetic_lollipop.nii.gz,True,5525,,6016412acc9d1528d0ca2c9bbaad9ad4e320ba08167fe9e96dc0ec6b69247d4a,mask_voxels=75; mask_volume_mm3=75; manifest_realized=75; in_pulled_features=True; shape=107x107x107; spacing=1x1x1
local_synthetic_mask,636_0_0,rivanna_pull/analysis/synthetic_lollipop_v1/masks/636_0_0_synthetic_lollipop.nii.gz,True,11779,,33e31a8b783157c65d4865b31648f007be4b3f75da420ede93f585df862c2861,mask_voxels=462; mask_volume_mm3=462; manifest_realized=462; in_pulled_features=True; shape=138x138x138; spacing=1x1x1
local_synthetic_mask,636_1_181,rivanna_pull/analysis/synthetic_lollipop_v1/masks/636_1_181_synthetic_lollipop.nii.gz,True,11798,,a12163afa85cc4f7322c9c623fb5a4026cec4ef142f0a1373edad0520bda2d8b,mask_voxels=465; mask_volume_mm3=465; manifest_realized=465; in_pulled_features=True; shape=138x138x138; spacing=1x1x1
local_synthetic_mask,636_4_978,rivanna_pull/analysis/synthetic_lollipop_v1/masks/636_4_978_synthetic_lollipop.nii.gz,True,15089,,44e71221ee680cc5d02c0e5d8872e2bc017f38d34c35e57e3257138354d8f433,mask_voxels=1050; mask_volume_mm3=1050; manifest_realized=1050; in_pulled_features=True; shape=149x149x149; spacing=1x1x1
local_synthetic_mask,647_2_176,rivanna_pull/analysis/synthetic_lollipop_v1/masks/647_2_176_synthetic_lollipop.nii.gz,True,33021,,8044517fdd191816e417d7f169ac03f6fa5a2bc1cab367f98c23d81f3bf03f42,mask_voxels=2603; mask_volume_mm3=2603; manifest_realized=2603; in_pulled_features=True; shape=194x194x194; spacing=1x1x1
local_synthetic_mask,649_0_0,rivanna_pull/analysis/synthetic_lollipop_v1/masks/649_0_0_synthetic_lollipop.nii.gz,True,2197,,c59fa78cc41785fc2b411dac6f3c3eae22db9f71d96da02e0faa2e944f09c5b9,mask_voxels=21; mask_volume_mm3=21; manifest_realized=21; in_pulled_features=True; shape=78x78x78; spacing=1x1x1
local_synthetic_mask,649_1_37,rivanna_pull/analysis/synthetic_lollipop_v1/masks/649_1_37_synthetic_lollipop.nii.gz,True,5376,,77218f7bdff3c36603e2900be9c5d3dca4d4c3aef1d10724a864cc4fa0cbb77b,mask_voxels=103; mask_volume_mm3=103; manifest_realized=103; in_pulled_features=True; shape=106x106x106; spacing=1x1x1
local_synthetic_mask,649_2_148,rivanna_pull/analysis/synthetic_lollipop_v1/masks/649_2_148_synthetic_lollipop.nii.gz,True,4021,,0ee45664114269a4eab8ec3ecf0bbe84b18792f52ddbd7a2aeb47a1ab9a219ff,mask_voxels=54; mask_volume_mm3=54; manifest_realized=54; in_pulled_features=True; shape=96x96x96; spacing=1x1x1
local_synthetic_mask,662_2_260,rivanna_pull/analysis/synthetic_lollipop_v1/masks/662_2_260_synthetic_lollipop.nii.gz,True,12381,,471d25e36bc93ae8bc9e3e676f3e8e411d6a71e6dbf9a0d1397e54b549c127fe,mask_voxels=623; mask_volume_mm3=623; manifest_realized=623; in_pulled_features=True; shape=140x140x140; spacing=1x1x1
local_synthetic_mask,664_0_0,rivanna_pull/analysis/synthetic_lollipop_v1/masks/664_0_0_synthetic_lollipop.nii.gz,True,5829,,7d7ce902bbce2452c47a3f7fd44aa0cef5dbb82ef787351ae450838cd560c3a3,mask_voxels=101; mask_volume_mm3=101; manifest_realized=101; in_pulled_features=True; shape=109x109x109; spacing=1x1x1
local_synthetic_mask,664_1_175,rivanna_pull/analysis/synthetic_lollipop_v1/masks/664_1_175_synthetic_lollipop.nii.gz,True,8325,,799857d55d7fe89e962c31556528bc7a91afd7daac71201abdf8881811b46224,mask_voxels=176; mask_volume_mm3=176; manifest_realized=176; in_pulled_features=True; shape=123x123x123; spacing=1x1x1
local_synthetic_mask,664_2_210,rivanna_pull/analysis/synthetic_lollipop_v1/masks/664_2_210_synthetic_lollipop.nii.gz,True,4276,,0b53e44dfb57134d342c47362b07a927872fda6293e8146efd59a39b37fb1724,mask_voxels=44; mask_volume_mm3=44; manifest_realized=44; in_pulled_features=True; shape=98x98x98; spacing=1x1x1
local_synthetic_mask,679_1_94,rivanna_pull/analysis/synthetic_lollipop_v1/masks/679_1_94_synthetic_lollipop.nii.gz,True,22695,,1597e36e3ff117e03f0dc88b319e4522d498bdecb72d334f9e6da9d1dd970948,mask_voxels=1761; mask_volume_mm3=1761; manifest_realized=1761; in_pulled_features=True; shape=171x171x171; spacing=1x1x1
local_synthetic_mask,690_0_0,rivanna_pull/analysis/synthetic_lollipop_v1/masks/690_0_0_synthetic_lollipop.nii.gz,True,25912,,4feaaf782c2d257a771418f41db51ea045bd6de8088215100a27ec1f96009c8e,mask_voxels=1814; mask_volume_mm3=1814; manifest_realized=1814; in_pulled_features=True; shape=179x179x179; spacing=1x1x1
local_synthetic_mask,696_0_0,rivanna_pull/analysis/synthetic_lollipop_v1/masks/696_0_0_synthetic_lollipop.nii.gz,True,19345,,bf80df5176ad796ba4d8737e7febb89ec26f3cf8f0f8b4b7009fc241f814bb2c,mask_voxels=1425; mask_volume_mm3=1425; manifest_realized=1425; in_pulled_features=True; shape=162x162x162; spacing=1x1x1
local_synthetic_mask,69_1_106,rivanna_pull/analysis/synthetic_lollipop_v1/masks/69_1_106_synthetic_lollipop.nii.gz,True,9654,,c3ba69b0032bafbaaaa1d65cc2dca5aef08749d41a556508e0368b6229f5e8f4,mask_voxels=300; mask_volume_mm3=300; manifest_realized=300; in_pulled_features=True; shape=129x129x129; spacing=1x1x1
local_synthetic_mask,69_2_469,rivanna_pull/analysis/synthetic_lollipop_v1/masks/69_2_469_synthetic_lollipop.nii.gz,True,11098,,08a4f197c1edf1246c87b252b9aae615e7439c32b9c6cff362ec389acc80c65b,mask_voxels=528; mask_volume_mm3=528; manifest_realized=528; in_pulled_features=True; shape=135x135x135; spacing=1x1x1
local_synthetic_mask,709_0_0,rivanna_pull/analysis/synthetic_lollipop_v1/masks/709_0_0_synthetic_lollipop.nii.gz,True,5371,,42e4533fe2e4db3dccb12c713bfaa44efcb093de0221f601eefcb5b9cbaf6271,mask_voxels=71; mask_volume_mm3=71; manifest_realized=71; in_pulled_features=True; shape=106x106x106; spacing=1x1x1
local_synthetic_mask,709_1_371,rivanna_pull/analysis/synthetic_lollipop_v1/masks/709_1_371_synthetic_lollipop.nii.gz,True,4288,,337f93779ff2b0c852a557e8370b961b0277a967d60c1c451b0cf7590bff976d,mask_voxels=68; mask_volume_mm3=68; manifest_realized=68; in_pulled_features=True; shape=98x98x98; spacing=1x1x1
local_synthetic_mask,709_2_763,rivanna_pull/analysis/synthetic_lollipop_v1/masks/709_2_763_synthetic_lollipop.nii.gz,True,5979,,97d880eca8e46e60c1049dbf17fc12c5417e0f129bee4365dea00224c29b0825,mask_voxels=93; mask_volume_mm3=93; manifest_realized=93; in_pulled_features=True; shape=110x110x110; spacing=1x1x1
local_synthetic_mask,731_5_4977,rivanna_pull/analysis/synthetic_lollipop_v1/masks/731_5_4977_synthetic_lollipop.nii.gz,True,4142,,1b2997eae6a94e3f0de8c23f3ed679d39f3a0bbcb195889ed23de0e9e40b67f6,mask_voxels=47; mask_volume_mm3=47; manifest_realized=47; in_pulled_features=True; shape=97x97x97; spacing=1x1x1
local_synthetic_mask,731_6_5458,rivanna_pull/analysis/synthetic_lollipop_v1/masks/731_6_5458_synthetic_lollipop.nii.gz,True,4801,,5c538826d1bc08faa2e16b9eb80802df5050a4ab5d6f81dc123224a85a210145,mask_voxels=81; mask_volume_mm3=81; manifest_realized=81; in_pulled_features=True; shape=102x102x102; spacing=1x1x1
local_synthetic_mask,733_1_53,rivanna_pull/analysis/synthetic_lollipop_v1/masks/733_1_53_synthetic_lollipop.nii.gz,True,6309,,2522b66466a0e426e6291d1b6a648edc28c0ec28365f383bdb6c3a17b0b88664,mask_voxels=106; mask_volume_mm3=106; manifest_realized=106; in_pulled_features=True; shape=112x112x112; spacing=1x1x1
local_synthetic_mask,733_2_242,rivanna_pull/analysis/synthetic_lollipop_v1/masks/733_2_242_synthetic_lollipop.nii.gz,True,8974,,1e44eb909c32979071d2362b003a7de0363f950948d430f05defa26c52d1772e,mask_voxels=238; mask_volume_mm3=238; manifest_realized=238; in_pulled_features=True; shape=126x126x126; spacing=1x1x1
local_synthetic_mask,734_1_365,rivanna_pull/analysis/synthetic_lollipop_v1/masks/734_1_365_synthetic_lollipop.nii.gz,True,11149,,d2cdb90898d1c6a8ca6eb5c5495907d29498d21e5e9086c7054802f74fefb086,mask_voxels=781; mask_volume_mm3=781; manifest_realized=781; in_pulled_features=True; shape=135x135x135; spacing=1x1x1
local_synthetic_mask,734_2_768,rivanna_pull/analysis/synthetic_lollipop_v1/masks/734_2_768_synthetic_lollipop.nii.gz,True,18247,,38e1d9cd070dd6d5aa5c0877bed1480f46dd990d52f2530addd33828bbd38691,mask_voxels=1327; mask_volume_mm3=1327; manifest_realized=1327; in_pulled_features=True; shape=159x159x159; spacing=1x1x1
local_synthetic_mask,735_2_721,rivanna_pull/analysis/synthetic_lollipop_v1/masks/735_2_721_synthetic_lollipop.nii.gz,True,11125,,7f157d19ffc3df368cb94d43f49a1c735e5e98d45dc16b3d54ac7920c9113850,mask_voxels=568; mask_volume_mm3=568; manifest_realized=568; in_pulled_features=True; shape=135x135x135; spacing=1x1x1
local_synthetic_mask,735_3_1012,rivanna_pull/analysis/synthetic_lollipop_v1/masks/735_3_1012_synthetic_lollipop.nii.gz,True,12115,,e57d8a5d0eff65c4beb72c06623e4f28ce4ff444e6d13f25c9b8937a0ff7404e,mask_voxels=558; mask_volume_mm3=558; manifest_realized=558; in_pulled_features=True; shape=139x139x139; spacing=1x1x1
local_synthetic_mask,743_0_0,rivanna_pull/analysis/synthetic_lollipop_v1/masks/743_0_0_synthetic_lollipop.nii.gz,True,9653,,796fff8369783d847c7efc910585a741c58bc0dfcc730ae496a40957698798ec,mask_voxels=360; mask_volume_mm3=360; manifest_realized=360; in_pulled_features=True; shape=129x129x129; spacing=1x1x1
local_synthetic_mask,743_3_631,rivanna_pull/analysis/synthetic_lollipop_v1/masks/743_3_631_synthetic_lollipop.nii.gz,True,32400,,62e5188c1625fa6dff3e77d81aa8e21549ae47bc4d570920335deb6fd2c927d3,mask_voxels=2528; mask_volume_mm3=2528; manifest_realized=2528; in_pulled_features=True; shape=193x193x193; spacing=1x1x1
local_synthetic_mask,744_0_0,rivanna_pull/analysis/synthetic_lollipop_v1/masks/744_0_0_synthetic_lollipop.nii.gz,True,16550,,5eb6ad570c92ca92ee8ec7ec87421d938e12465ff5c60819c5bc1a45f4095711,mask_voxels=1196; mask_volume_mm3=1196; manifest_realized=1196; in_pulled_features=True; shape=154x154x154; spacing=1x1x1
local_synthetic_mask,744_2_478,rivanna_pull/analysis/synthetic_lollipop_v1/masks/744_2_478_synthetic_lollipop.nii.gz,True,14112,,ee59c565ecd8c6401095f650c0cd4d6ba24fd9dc8918b6fbf527993e473c88bb,mask_voxels=876; mask_volume_mm3=876; manifest_realized=876; in_pulled_features=True; shape=146x146x146; spacing=1x1x1
local_synthetic_mask,745_1_403,rivanna_pull/analysis/synthetic_lollipop_v1/masks/745_1_403_synthetic_lollipop.nii.gz,True,7371,,02de4f7672553877d87791af9d025f598648f372af956f0010edd6cfa5c6a57d,mask_voxels=149; mask_volume_mm3=149; manifest_realized=149; in_pulled_features=True; shape=118x118x118; spacing=1x1x1
local_synthetic_mask,745_2_589,rivanna_pull/analysis/synthetic_lollipop_v1/masks/745_2_589_synthetic_lollipop.nii.gz,True,9170,,106a0bc380c85209b4b9beb859c5a27f5a4514a621eeda6c27ea6ab28c72bae9,mask_voxels=252; mask_volume_mm3=252; manifest_realized=252; in_pulled_features=True; shape=127x127x127; spacing=1x1x1
local_synthetic_mask,747_1_6,rivanna_pull/analysis/synthetic_lollipop_v1/masks/747_1_6_synthetic_lollipop.nii.gz,True,17178,,76e7f37063c799bb71ba7ab441bc0bb6936586d28d842ea2290cf62d16c5acef,mask_voxels=1071; mask_volume_mm3=1071; manifest_realized=1071; in_pulled_features=True; shape=156x156x156; spacing=1x1x1
local_synthetic_mask,747_2_201,rivanna_pull/analysis/synthetic_lollipop_v1/masks/747_2_201_synthetic_lollipop.nii.gz,True,14493,,158d569e92ff129b3fe0dfcf6ebd38432938c6adb30bfe08f9e8d5925f073621,mask_voxels=1091; mask_volume_mm3=1091; manifest_realized=1091; in_pulled_features=True; shape=147x147x147; spacing=1x1x1
local_synthetic_mask,747_3_565,rivanna_pull/analysis/synthetic_lollipop_v1/masks/747_3_565_synthetic_lollipop.nii.gz,True,15973,,42da1bc7852424acf0e75e7949db5f8c92bc0b3e0740954024cbd5e1b509ec2c,mask_voxels=1107; mask_volume_mm3=1107; manifest_realized=1107; in_pulled_features=True; shape=152x152x152; spacing=1x1x1
local_synthetic_mask,74_0_0,rivanna_pull/analysis/synthetic_lollipop_v1/masks/74_0_0_synthetic_lollipop.nii.gz,True,7023,,dbf99fce81a0ca23e137b7c0f8bb3b3eec050ae2d0f87171db859ac068041f09,mask_voxels=164; mask_volume_mm3=164; manifest_realized=164; in_pulled_features=True; shape=116x116x116; spacing=1x1x1
local_synthetic_mask,74_2_1367,rivanna_pull/analysis/synthetic_lollipop_v1/masks/74_2_1367_synthetic_lollipop.nii.gz,True,14193,,907ae4f8721d57c0f55c9974ba5545e40251a67d33423147530afa4b153bf3e4,mask_voxels=1056; mask_volume_mm3=1056; manifest_realized=1056; in_pulled_features=True; shape=146x146x146; spacing=1x1x1
local_synthetic_mask,80_1_106,rivanna_pull/analysis/synthetic_lollipop_v1/masks/80_1_106_synthetic_lollipop.nii.gz,True,7945,,ad86ddf4694c3e2c3f1bfda4a976ff7250623c91ab048337015879b31d3ee3b8,mask_voxels=177; mask_volume_mm3=177; manifest_realized=177; in_pulled_features=True; shape=121x121x121; spacing=1x1x1
local_synthetic_mask,80_2_294,rivanna_pull/analysis/synthetic_lollipop_v1/masks/80_2_294_synthetic_lollipop.nii.gz,True,5991,,fd14383dc937213a80b3a1ad0b41f3b86548f421fe8fd0a1d2511076f53369d2,mask_voxels=105; mask_volume_mm3=105; manifest_realized=105; in_pulled_features=True; shape=110x110x110; spacing=1x1x1
local_synthetic_mask,80_3_661,rivanna_pull/analysis/synthetic_lollipop_v1/masks/80_3_661_synthetic_lollipop.nii.gz,True,8591,,1528928db123e9db2106e7b831e41fe387180081e1856de0a3ec879041999c27,mask_voxels=228; mask_volume_mm3=228; manifest_realized=228; in_pulled_features=True; shape=124x124x124; spacing=1x1x1
local_synthetic_mask,87_1_1322,rivanna_pull/analysis/synthetic_lollipop_v1/masks/87_1_1322_synthetic_lollipop.nii.gz,True,7180,,c426ddfc9ed8cb728d2378425ad7d0df93f66951c4b7e1f7e6a73f8c8641c219,mask_voxels=128; mask_volume_mm3=128; manifest_realized=128; in_pulled_features=True; shape=117x117x117; spacing=1x1x1
local_synthetic_mask,87_3_1668,rivanna_pull/analysis/synthetic_lollipop_v1/masks/87_3_1668_synthetic_lollipop.nii.gz,True,8546,,0f4156b3e6ab8c0689b10839a4b77cf7c6d2ebc85dfe37964a307970566f2895,mask_voxels=226; mask_volume_mm3=226; manifest_realized=226; in_pulled_features=True; shape=124x124x124; spacing=1x1x1
local_synthetic_mask,87_4_1793,rivanna_pull/analysis/synthetic_lollipop_v1/masks/87_4_1793_synthetic_lollipop.nii.gz,True,8983,,014f89839cac6605344db190ed7e4e3cee6a5ae878de003423b196ee845f2ebe,mask_voxels=267; mask_volume_mm3=267; manifest_realized=267; in_pulled_features=True; shape=126x126x126; spacing=1x1x1
local_synthetic_mask,91_0_0,rivanna_pull/analysis/synthetic_lollipop_v1/masks/91_0_0_synthetic_lollipop.nii.gz,True,1971,,e142e649e3f9c67dbad654e0c3c8fdb0e676338208381a5563d8b77f03a94a2e,mask_voxels=14; mask_volume_mm3=14; manifest_realized=14; in_pulled_features=True; shape=75x75x75; spacing=1x1x1
local_synthetic_mask,91_1_318,rivanna_pull/analysis/synthetic_lollipop_v1/masks/91_1_318_synthetic_lollipop.nii.gz,True,5368,,b65e7b47e258d743f11aac5bdbc3a52c9138cadbf3d2ad12923b85c291d156bc,mask_voxels=78; mask_volume_mm3=78; manifest_realized=78; in_pulled_features=True; shape=106x106x106; spacing=1x1x1
local_synthetic_mask,95_0_0,rivanna_pull/analysis/synthetic_lollipop_v1/masks/95_0_0_synthetic_lollipop.nii.gz,True,2725,,96d8eea9fe18fbe3a693854f741efb3521f5db8ebacd73bcf7c396f50b3143be,mask_voxels=32; mask_volume_mm3=32; manifest_realized=32; in_pulled_features=True; shape=84x84x84; spacing=1x1x1
local_synthetic_mask,95_1_182,rivanna_pull/analysis/synthetic_lollipop_v1/masks/95_1_182_synthetic_lollipop.nii.gz,True,4650,,4cc57ac579ec3ca54c06da474ea218a5f3bb1e665228fd41b8cdd6d740b14760,mask_voxels=48; mask_volume_mm3=48; manifest_realized=48; in_pulled_features=True; shape=101x101x101; spacing=1x1x1
local_synthetic_mask,95_2_574,rivanna_pull/analysis/synthetic_lollipop_v1/masks/95_2_574_synthetic_lollipop.nii.gz,True,5091,,198b2ff5630514d7889ddcd73d904c7fde3f16fccebec66814066a87bd8f527c,mask_voxels=80; mask_volume_mm3=80; manifest_realized=80; in_pulled_features=True; shape=104x104x104; spacing=1x1x1
git_history_relevant_commit,,,True,,,,"0457540 Add GrowthNet local roadmap, validation audits, and reliability updates"
git_history_relevant_commit,,,True,,,,242631b Split orientation confidence and score-margin warnings
git_history_relevant_commit,,,True,,,,ccf9ffe Add AI-assisted development workflow (Claude + Codex)
